Workbook

Sheet total
B1: Tabel Input-Output Indonesia Transaksi Total Atas Dasar Harga Dasar (185 Produk), 2020
B2: (Juta Rupiah)
B4: Kode | C4: Produk | D4: 1 | E4: 2 | F4: 3 | G4: 4 | H4: 5 | I4: 6 | J4: 7 | K4: 8 | L4: 9 | M4: 10 | N4: 11 | O4: 12 | P4: 13 | Q4: 14 | R4: 15 | S4: 16 | T4: 17 | U4: 18 | V4: 19 | W4: 20 | X4: 21 | Y4: 22 | Z4: 23 | AA4: 24 | AB4: 25 | AC4: 26 | AD4: 27 | AE4: 28 | AF4: 29 | AG4: 30 | AH4: 31 | AI4: 32 | AJ4: 33 | AK4: 34 | AL4: 35 | AM4: 36 | AN4: 37 | AO4: 38 | AP4: 39 | AQ4: 40 | AR4: 41 | AS4: 42 | AT4: 43 | AU4: 44 | AV4: 45 | AW4: 46 | AX4: 47 | AY4: 48 | AZ4: 49 | BA4: 50 | BB4: 51 | BC4: 52 | BD4: 53 | BE4: 54 | BF4: 55 | BG4: 56 | BH4: 57 | BI4: 58 | BJ4: 59 | BK4: 60 | BL4: 61 | BM4: 62 | BN4: 63 | BO4: 64 | BP4: 65 | BQ4: 66 | BR4: 67 | BS4: 68 | BT4: 69 | BU4: 70 | BV4: 71 | BW4: 72 | BX4: 73 | BY4: 74 | BZ4: 75 | CA4: 76 | CB4: 77 | CC4: 78 | CD4: 79 | CE4: 80 | CF4: 81 | CG4: 82 | CH4: 83 | CI4: 84 | CJ4: 85 | CK4: 86 | CL4: 87 | CM4: 88 | CN4: 89 | CO4: 90 | CP4: 91 | CQ4: 92 | CR4: 93 | CS4: 94 | CT4: 95 | CU4: 96 | CV4: 97 | CW4: 98 | CX4: 99 | CY4: 100 | CZ4: 101 | DA4: 102 | DB4: 103 | DC4: 104 | DD4: 105 | DE4: 106 | DF4: 107 | DG4: 108 | DH4: 109 | DI4: 110 | DJ4: 111 | DK4: 112 | DL4: 113 | DM4: 114 | DN4: 115 | DO4: 116 | DP4: 117 | DQ4: 118 | DR4: 119 | DS4: 120 | DT4: 121 | DU4: 122 | DV4: 123 | DW4: 124 | DX4: 125 | DY4: 126 | DZ4: 127 | EA4: 128 | EB4: 129 | EC4: 130 | ED4: 131 | EE4: 132 | EF4: 133 | EG4: 134 | EH4: 135 | EI4: 136 | EJ4: 137 | EK4: 138 | EL4: 139 | EM4: 140 | EN4: 141 | EO4: 142 | EP4: 143 | EQ4: 144 | ER4: 145 | ES4: 146 | ET4: 147 | EU4: 148 | EV4: 149 | EW4: 150 | EX4: 151 | EY4: 152 | EZ4: 153 | FA4: 154 | FB4: 155 | FC4: 156 | FD4: 157 | FE4: 158 | FF4: 159 | FG4: 160 | FH4: 161 | FI4: 162 | FJ4: 163 | FK4: 164 | FL4: 165 | FM4: 166 | FN4: 167 | FO4: 168 | FP4: 169 | FQ4: 170 | FR4: 171 | FS4: 172 | FT4: 173 | FU4: 174 | FV4: 175 | FW4: 176 | FX4: 177 | FY4: 178 | FZ4: 179 | GA4: 180 | GB4: 181 | GC4: 182 | GD4: 183 | GE4: 184 | GF4: 185 | GG4: 1800 | GH4: 3011 | GI4: 3012 | GJ4: 3020 | GK4: 3030 | GL4: 3040 | GM4: 3050 | GN4: 3060 | GO4: 3090 | GP4: 3100 | GQ4: 4011 | GR4: 4012 | GS4: 4013 | GT4: 4019 | GU4: 5011 | GV4: 5012 | GW4: 5013 | GX4: 5019 | GY4: 6090 | GZ4: 7000 | HA4: 8000
D5: Padi | E5: Jagung | F5: Ubi jalar | G5: Ubi kayu | H5: Umbi-umbian lainnya | I5: Kacang tanah | J5: Kedelai | K5: Kacang-kacangan Lainnya | L5: Padi-padian dan Bahan Makanan Lainnya | M5: Sayur-sayuran | N5: Tanaman Hias dan Holtikultura Lainnya | O5: Tebu | P5: Tembakau | Q5: Tanaman serat | R5: Hasil Perkebunan Lainnya | S5: Buah-buahan | T5: Tanaman Biofarmaka | U5: Karet | V5: Kelapa | W5: Kelapa Sawit | X5: Kopi | Y5: Teh | Z5: Kakao | AA5: Cengkeh | AB5: Jambu Mete | AC5: Ternak dan Hasil-hasilnya kecuali Susu Segar | AD5: Susu segar | AE5: Unggas dan Hasil-hasilnya | AF5: Hasil Pemeliharaan Hewan Lainnya | AG5: Jasa Pertanian, Kehutanan dan Perikanan | AH5: Kayu | AI5: Hasil Hutan Lainnya | AJ5: Ikan | AK5: Udang dan crustacea lainnya | AL5: Biota air lainnya | AM5: Rumput laut dan sejenisnya | AN5: Batubara dan lignit | AO5: Minyak Bumi | AP5: Gas Bumi dan Panas Bumi | AQ5: Pasir besi dan bijih besi | AR5: Bijih Timah | AS5: Bijih Bauksit | AT5: Bijih Tembaga | AU5: Bijih Nikel | AV5: Barang Tambang Logam Lainnya | AW5: Bijih Emas | AX5: Bijih Perak | AY5: Barang Galian Segala Jenis | AZ5: Barang Tambang Mineral Bukan Logam | BA5: Garam Kasar | BB5: Jasa pertambangan minyak bumi dan gas alam | BC5: Jasa pertambangan dan penggalian lainnya | BD5: Hasil Pemotongan Hewan | BE5: Hasil Pengolahan dan Pengawetan Daging | BF5: Ikan Kering dan Ikan Asin | BG5: Hasil Pengolahan dan Pengawetan Ikan | BH5: Hasil Pengolahan dan Pengawetan Buah-buahan dan Sayur-sayuran | BI5: Minyak Hewani dan Minyak Nabati | BJ5: Minyak kelapa dan Kopra | BK5: Makanan dan Minuman Terbuat dari Susu | BL5: Tepung Lainnya | BM5: Tepung Terigu, Pati dan Produk Pati | BN5: Hasil Penggilingan Padi dan Penyosohan Beras | BO5: Roti, Biskuit dan Sejenisnya | BP5: Gula | BQ5: Coklat dan Kembang Gula | BR5: Mie, Macaroni dan Sejenisnya | BS5: Kopi Olahan | BT5: Teh Olahan | BU5: Kedele Olahan | BV5: Makanan Lainnya | BW5: Makanan Hewan Olahan | BX5: Minuman Beralkohol | BY5: Minuman Tak Beralkohol | BZ5: Rokok | CA5: Tembakau Olahan | CB5: Benang | CC5: Tekstil | CD5: Permadani,Tali dan Penutup Lantai Lainnya | CE5: Produk Tekstil Lainnya | CF5: Barang-barang Rajutan dan Sulaman/Bordiran | CG5: Pakaian Jadi | CH5: Hasil Pengawetan dan Penyamakan Kulit | CI5: Barang-barang dari Kulit | CJ5: Alas Kaki | CK5: Kayu Gergajian dan Olahan | CL5: Kayu Lapis dan Sejenisnya | CM5: Bahan Bangunan dari Kayu | CN5: Barang-barang Lainnya dari Kayu, Gabus, Bambu dan Rotan | CO5: Bubur Kertas | CP5: Kertas | CQ5: Barang-Barang dari Kertas dan Karton | CR5: Barang Cetakan | CS5: Barang-barang Lainnya dari Bahan Bukan Logam dan Produk dari Batubara | CT5: Barang-barang Hasil Kilang Minyak dan Gas serta Produk Batubara | CU5: Kimia Dasar Kecuali Pupuk | CV5: Pupuk | CW5: Plastik, Karet dan Serat Buatan | CX5: Pestisida | CY5: Cat dan tinta cetak | CZ5: Vernis dan Lak | DA5: Sabun dan bahan pembersih | DB5: Kosmetik | DC5: Barang-barang kimia lainnya | DD5: Produk farmasi | DE5: Obat Tradisional | DF5: Ban | DG5: Karet Remah dan Karet Asap | DH5: Barang-barang Lainnya dari Karet | DI5: Barang-Barang dari Plastik | DJ5: Kaca dan Barang-barang dari Kaca | DK5: Barang-Barang dari tanah liat, keramik dan porselen | DL5: Semen | DM5: Besi dan Baja Dasar | DN5: Logam Dasar Bukan Besi | DO5: Barang-barang hasil Pengecoran logam | DP5: Bahan Bangunan dari Logam | DQ5: Senjata dan amunisi, metalurgi dan jasa pembuatan barang logam | DR5: Alat-alat dapur, pertukangan, perabot rumahtangga dan kantor dari logam | DS5: Barang-barang Logam Lainnya | DT5: Barang-barang Elektronik, Komunikasi dan Perlengkapannya | DU5: Alat Ukur, Fotografi, Optik dan Jam | DV5: Mesin Pembangkit dan Motor Listrik | DW5: Mesin Listrik dan Perlengkapannya | DX5: Baterai dan Aki | DY5: Perlengkapan Listrik Lainnya | DZ5: Alat Listrik Untuk Rumah Tangga | EA5: Mesin Penggerak Mula | EB5: Mesin untuk keperluan kantor dan akunting, dan bagian serta perlengkapannya | EC5: Mesin lainnya dan perlengkapannya | ED5: Kendaraan Bermotor Kecuali Sepeda Motor | EE5: Kapal dan Jasa Perbaikannya | EF5: Kereta Api dan Jasa Perbaikannya | EG5: Pesawat Terbang dan Jasa Perbaikannya | EH5: Alat Pengangkutan Lainnya | EI5: Sepeda Motor | EJ5: Perabotan Rumah Tangga dan Kantor Selain dari Logam | EK5: Perhiasan | EL5: Alat-Alat Musik | EM5: Alat-Alat Olahraga | EN5: Alat Permainan dan mainan anak-anak | EO5: Alat Kedokteran | EP5: Barang-barang hasil industri pengolahan lainnya | EQ5: Jasa perawatan dan perbaikan produk-produk logam pabrikan, mesin-mesin dan peralatan | ER5: Listrik | ES5: Hasil gas alam dan buatan, pengadaan uap air/air panas, udara dingin dan produk es | ET5: Pengadaan Air | EU5: Pengelolaan Sampah, Limbah dan Daur Ulang | EV5: Bangunan Tempat Tinggal dan Bukan Tempat Tinggal | EW5: Bangunan dan Instalasi Listrik, Gas, Air Minum dan Komunikasi | EX5: Prasarana Pertanian | EY5: Jalan, Jembatan, dan Pelabuhan | EZ5: Bangunan Lainnya | FA5: Perdagangan Mobil dan Sepeda Motor | FB5: Reparasi dan Perawatan Mobil dan Sepeda Motor | FC5: Perdagangan selain Mobil dan Sepeda Motor | FD5: Jasa Angkutan Rel | FE5: Jasa Angkutan Darat Selain Angkutan Rel | FF5: Jasa Angkutan Laut | FG5: Jasa Angkutan Sungai danau dan Penyeberangan | FH5: Jasa Angkutan Udara | FI5: Jasa Penunjang Angkutan | FJ5: Jasa Pos dan Kurir | FK5: Penyediaan Akomodasi | FL5: Penyediaan Makan dan Minum | FM5: Hasil-hasil Penerbitan | FN5: Jasa Penyiaran dan pemrograman, Film dan Hasil Perekaman Suara | FO5: Jasa Telekomunikasi | FP5: Jasa Konsultasi komputer dan teknologi informasi | FQ5: Jasa Keuangan Perbankan | FR5: Jasa asuransi | FS5: Jasa dana Pensiun | FT5: Jasa Lembaga Keuangan Lainnya | FU5: Jasa Real Estate | FV5: Jasa Profesional, Ilmiah dan Teknis | FW5: Jasa Persewaan dan Jasa Penunjang Usaha | FX5: Jasa Pemerintahan Umum | FY5: Jasa Pendidikan Pemerintah | FZ5: Jasa Kesehatan Pemerintah | GA5: Jasa Pemerintahan Lainnya | GB5: Jasa Pendidikan Swasta | GC5: Jasa Kesehatan dan Kegiatan Sosial Swasta | GD5: Jasa Kesenian, Hiburan dan Rekreasi | GE5: Reparasi Barang Rumahtangga dan Pribadi Lainnya | GF5: Jasa Lainnya | GG5: Total Permintaan Antara | GH5: Konsumsi Rumah Tangga | GI5: Konsumsi LNPRT | GJ5: Konsumsi Pemerintah | GK5: Pembentukan Modal Tetap Bruto | GL5: Perubahan Inventori | GM5: Ekspor Barang (F.o.b) | GN5: Ekspor Jasa | GO5: Total Permintaan Akhir | GP5: Total Permintaan | GQ5: Impor Barang (c.i.f) | GR5: Impor Jasa | GS5: Adjustment (i.f) | GT5: Total Impor | GU5: Marjin Perdagangan Besar | GV5: Marjin Perdagangan Eceran | GW5: Biaya Pengangkutan | GX5: Total Marjin Perdagangan dan Biaya Pengangkutan | GY5: Total Pajak dikurang Subsidi atas Produk | GZ5: Output Domestik Harga Dasar | HA5: Total Penyediaan
B6: 1 | C6: Padi | D6: 21245629 | E6: - | F6: - | G6: - | H6: - | I6: - | J6: - | K6: - | L6: - | M6: - | N6: - | O6: - | P6: - | Q6: - | R6: - | S6: - | T6: - | U6: - | V6: - | W6: - | X6: - | Y6: - | Z6: - | AA6: - | AB6: - | AC6: 1341712 | AD6: 151784 | AE6: 411729 | AF6: 298488 | AG6: - | AH6: - | AI6: - | AJ6: 137340 | AK6: 244333 | AL6: - | AM6: - | AN6: - | AO6: - | AP6: - | AQ6: - | AR6: - | AS6: - | AT6: - | AU6: - | AV6: - | AW6: - | AX6: - | AY6: - | AZ6: - | BA6: - | BB6: - | BC6: - | BD6: - | BE6: - | BF6: - | BG6: - | BH6: - | BI6: - | BJ6: - | BK6: - | BL6: - | BM6: - | BN6: 246375356 | BO6: - | BP6: - | BQ6: - | BR6: - | BS6: - | BT6: - | BU6: - | BV6: 268 | BW6: 12157762 | BX6: 7066 | BY6: - | BZ6: - | CA6: - | CB6: - | CC6: - | CD6: - | CE6: - | CF6: - | CG6: - | CH6: - | CI6: - | CJ6: - | CK6: - | CL6: - | CM6: - | CN6: - | CO6: - | CP6: - | CQ6: - | CR6: - | CS6: - | CT6: - | CU6: - | CV6: - | CW6: - | CX6: - | CY6: - | CZ6: - | DA6: - | DB6: - | DC6: - | DD6: - | DE6: - | DF6: - | DG6: - | DH6: - | DI6: - | DJ6: - | DK6: - | DL6: - | DM6: - | DN6: - | DO6: - | DP6: - | DQ6: - | DR6: - | DS6: - | DT6: - | DU6: - | DV6: - | DW6: - | DX6: - | DY6: - | DZ6: - | EA6: - | EB6: - | EC6: - | ED6: - | EE6: - | EF6: - | EG6: - | EH6: - | EI6: - | EJ6: - | EK6: - | EL6: - | EM6: - | EN6: - | EO6: - | EP6: - | EQ6: - | ER6: - | ES6: - | ET6: - | EU6: - | EV6: - | EW6: - | EX6: - | EY6: - | EZ6: - | FA6: - | FB6: - | FC6: 2016087 | FD6: - | FE6: 199150 | FF6: - | FG6: - | FH6: - | FI6: - | FJ6: - | FK6: - | FL6: - | FM6: - | FN6: - | FO6: - | FP6: - | FQ6: - | FR6: - | FS6: - | FT6: - | FU6: - | FV6: - | FW6: - | FX6: 172297 | FY6: - | FZ6: - | GA6: - | GB6: 84812 | GC6: - | GD6: - | GE6: - | GF6: - | GG6: 284843813 | GH6: - | GI6: - | GJ6: - | GK6: - | GL6: 7607 | GM6: 5825 | GN6: - | GO6: 13432 | GP6: 284857245 | GQ6: 7749 | GR6: - | GS6: - | GT6: 7749 | GU6: - | GV6: - | GW6: - | GX6: - | GY6: - | GZ6: 284849496 | HA6: 284857245
B7: 2 | C7: Jagung | D7: - | E7: 3818066 | F7: - | G7: - | H7: - | I7: - | J7: - | K7: - | L7: - | M7: - | N7: - | O7: - | P7: - | Q7: - | R7: - | S7: - | T7: - | U7: - | V7: - | W7: - | X7: - | Y7: - | Z7: - | AA7: - | AB7: - | AC7: 491240 | AD7: 359363 | AE7: 1868479 | AF7: 51583 | AG7: - | AH7: - | AI7: - | AJ7: 447882 | AK7: 30033 | AL7: 10171 | AM7: - | AN7: - | AO7: - | AP7: - | AQ7: - | AR7: - | AS7: - | AT7: - | AU7: - | AV7: - | AW7: - | AX7: - | AY7: - | AZ7: - | BA7: - | BB7: - | BC7: - | BD7: - | BE7: - | BF7: - | BG7: - | BH7: - | BI7: 1733267 | BJ7: - | BK7: - | BL7: 4639432 | BM7: 113244 | BN7: - | BO7: - | BP7: 4466 | BQ7: - | BR7: - | BS7: 1594641 | BT7: - | BU7: 905244 | BV7: 8492975 | BW7: 27817233 | BX7: 83755 | BY7: 220170 | BZ7: 1275169 | CA7: 77776 | CB7: - | CC7: - | CD7: - | CE7: - | CF7: - | CG7: - | CH7: - | CI7: - | CJ7: - | CK7: - | CL7: - | CM7: - | CN7: - | CO7: - | CP7: - | CQ7: - | CR7: - | CS7: - | CT7: - | CU7: - | CV7: - | CW7: - | CX7: - | CY7: - | CZ7: - | DA7: - | DB7: - | DC7: - | DD7: - | DE7: 510 | DF7: - | DG7: - | DH7: - | DI7: - | DJ7: - | DK7: - | DL7: - | DM7: - | DN7: - | DO7: - | DP7: - | DQ7: - | DR7: - | DS7: - | DT7: - | DU7: - | DV7: - | DW7: - | DX7: - | DY7: - | DZ7: - | EA7: - | EB7: - | EC7: - | ED7: - | EE7: - | EF7: - | EG7: - | EH7: - | EI7: - | EJ7: - | EK7: - | EL7: - | EM7: - | EN7: - | EO7: - | EP7: - | EQ7: - | ER7: - | ES7: - | ET7: - | EU7: - | EV7: - | EW7: - | EX7: - | EY7: - | EZ7: - | FA7: - | FB7: - | FC7: - | FD7: - | FE7: - | FF7: - | FG7: - | FH7: - | FI7: - | FJ7: - | FK7: 256327 | FL7: 10686503 | FM7: - | FN7: - | FO7: - | FP7: - | FQ7: - | FR7: - | FS7: - | FT7: - | FU7: - | FV7: - | FW7: - | FX7: 152340 | FY7: 384 | FZ7: 5668 | GA7: 68 | GB7: 30700 | GC7: 306931 | GD7: 71937 | GE7: - | GF7: 98393 | GG7: 65643950 | GH7: 13875288 | GI7: - | GJ7: - | GK7: - | GL7: 2136474 | GM7: 211937 | GN7: - | GO7: 16223699 | GP7: 81867649 | GQ7: 2691076 | GR7: - | GS7: - | GT7: 2691076 | GU7: - | GV7: - | GW7: - | GX7: - | GY7: - | GZ7: 79176573 | HA7: 81867649
B8: 3 | C8: Ubi jalar | D8: - | E8: - | F8: 468534 | G8: - | H8: - | I8: - | J8: - | K8: - | L8: - | M8: - | N8: - | O8: - | P8: - | Q8: - | R8: - | S8: - | T8: - | U8: - | V8: - | W8: - | X8: - | Y8: - | Z8: - | AA8: - | AB8: - | AC8: 82536 | AD8: 44929 | AE8: 51317 | AF8: 6664 | AG8: - | AH8: - | AI8: - | AJ8: - | AK8: - | AL8: - | AM8: - | AN8: - | AO8: - | AP8: - | AQ8: - | AR8: - | AS8: - | AT8: - | AU8: - | AV8: - | AW8: - | AX8: - | AY8: - | AZ8: - | BA8: - | BB8: - | BC8: - | BD8: - | BE8: - | BF8: - | BG8: - | BH8: 6726 | BI8: - | BJ8: - | BK8: - | BL8: 383925 | BM8: - | BN8: - | BO8: - | BP8: 521 | BQ8: - | BR8: - | BS8: - | BT8: - | BU8: - | BV8: 1209103 | BW8: 36820 | BX8: 24 | BY8: - | BZ8: - | CA8: - | CB8: - | CC8: - | CD8: - | CE8: - | CF8: - | CG8: - | CH8: - | CI8: - | CJ8: - | CK8: - | CL8: - | CM8: - | CN8: - | CO8: - | CP8: - | CQ8: - | CR8: - | CS8: - | CT8: - | CU8: - | CV8: - | CW8: - | CX8: - | CY8: - | CZ8: - | DA8: - | DB8: - | DC8: - | DD8: - | DE8: 156 | DF8: - | DG8: - | DH8: - | DI8: - | DJ8: - | DK8: - | DL8: - | DM8: - | DN8: - | DO8: - | DP8: - | DQ8: - | DR8: - | DS8: - | DT8: - | DU8: - | DV8: - | DW8: - | DX8: - | DY8: - | DZ8: - | EA8: - | EB8: - | EC8: - | ED8: - | EE8: - | EF8: - | EG8: - | EH8: - | EI8: - | EJ8: - | EK8: - | EL8: - | EM8: - | EN8: - | EO8: - | EP8: - | EQ8: - | ER8: - | ES8: - | ET8: - | EU8: - | EV8: - | EW8: - | EX8: - | EY8: - | EZ8: - | FA8: - | FB8: - | FC8: - | FD8: - | FE8: - | FF8: - | FG8: - | FH8: - | FI8: - | FJ8: - | FK8: 47797 | FL8: 561366 | FM8: - | FN8: - | FO8: - | FP8: - | FQ8: - | FR8: - | FS8: - | FT8: - | FU8: - | FV8: - | FW8: - | FX8: 3556 | FY8: 212 | FZ8: 103766 | GA8: 27 | GB8: 3520 | GC8: 45938 | GD8: 193077 | GE8: - | GF8: 1258 | GG8: 3251772 | GH8: 5993774 | GI8: - | GJ8: - | GK8: - | GL8: -243255 | GM8: 132618 | GN8: - | GO8: 5883137 | GP8: 9134909 | GQ8: 1 | GR8: - | GS8: - | GT8: 1 | GU8: - | GV8: - | GW8: - | GX8: - | GY8: - | GZ8: 9134908 | HA8: 9134909
B9: 4 | C9: Ubi kayu | D9: - | E9: - | F9: - | G9: 3078120 | H9: - | I9: - | J9: - | K9: - | L9: - | M9: - | N9: - | O9: - | P9: - | Q9: - | R9: - | S9: - | T9: - | U9: - | V9: - | W9: - | X9: - | Y9: - | Z9: - | AA9: - | AB9: - | AC9: 341921 | AD9: 45238 | AE9: 264410 | AF9: 17152 | AG9: 252 | AH9: - | AI9: - | AJ9: 67671 | AK9: 355 | AL9: 146 | AM9: - | AN9: - | AO9: - | AP9: - | AQ9: - | AR9: - | AS9: - | AT9: - | AU9: - | AV9: - | AW9: - | AX9: - | AY9: - | AZ9: - | BA9: - | BB9: - | BC9: - | BD9: - | BE9: - | BF9: - | BG9: - | BH9: - | BI9: - | BJ9: - | BK9: - | BL9: 7955946 | BM9: 217613 | BN9: - | BO9: - | BP9: 88060 | BQ9: - | BR9: - | BS9: - | BT9: - | BU9: - | BV9: 14646320 | BW9: 1725987 | BX9: 2214 | BY9: - | BZ9: - | CA9: - | CB9: - | CC9: - | CD9: - | CE9: - | CF9: - | CG9: - | CH9: - | CI9: - | CJ9: - | CK9: - | CL9: - | CM9: - | CN9: - | CO9: - | CP9: - | CQ9: - | CR9: - | CS9: - | CT9: - | CU9: - | CV9: - | CW9: - | CX9: - | CY9: - | CZ9: - | DA9: - | DB9: - | DC9: - | DD9: - | DE9: 310 | DF9: - | DG9: - | DH9: - | DI9: - | DJ9: - | DK9: - | DL9: - | DM9: - | DN9: - | DO9: - | DP9: - | DQ9: - | DR9: - | DS9: - | DT9: - | DU9: - | DV9: - | DW9: - | DX9: - | DY9: - | DZ9: - | EA9: - | EB9: - | EC9: - | ED9: - | EE9: - | EF9: - | EG9: - | EH9: - | EI9: - | EJ9: - | EK9: - | EL9: - | EM9: - | EN9: - | EO9: - | EP9: - | EQ9: - | ER9: - | ES9: - | ET9: - | EU9: - | EV9: - | EW9: - | EX9: - | EY9: - | EZ9: - | FA9: - | FB9: - | FC9: - | FD9: - | FE9: - | FF9: - | FG9: - | FH9: - | FI9: - | FJ9: - | FK9: 174835 | FL9: 12568256 | FM9: - | FN9: - | FO9: - | FP9: - | FQ9: - | FR9: - | FS9: - | FT9: - | FU9: - | FV9: - | FW9: - | FX9: 1147 | FY9: 117 | FZ9: 41169 | GA9: 54 | GB9: 12909 | GC9: 36740 | GD9: 112020 | GE9: - | GF9: 893 | GG9: 41399855 | GH9: 12645484 | GI9: - | GJ9: - | GK9: - | GL9: -20157 | GM9: 114368 | GN9: - | GO9: 12739695 | GP9: 54139550 | GQ9: 8617 | GR9: - | GS9: - | GT9: 8617 | GU9: - | GV9: - | GW9: - | GX9: - | GY9: - | GZ9: 54130933 | HA9: 54139550
B10: 5 | C10: Umbi-umbian lainnya | D10: - | E10: - | F10: - | G10: - | H10: 130843 | I10: - | J10: - | K10: - | L10: - | M10: - | N10: - | O10: - | P10: - | Q10: - | R10: - | S10: - | T10: - | U10: - | V10: - | W10: - | X10: - | Y10: - | Z10: - | AA10: - | AB10: - | AC10: 144426 | AD10: 21287 | AE10: 76 | AF10: 212 | AG10: - | AH10: - | AI10: - | AJ10: - | AK10: - | AL10: - | AM10: - | AN10: - | AO10: - | AP10: - | AQ10: - | AR10: - | AS10: - | AT10: - | AU10: - | AV10: - | AW10: - | AX10: - | AY10: - | AZ10: - | BA10: - | BB10: - | BC10: - | BD10: - | BE10: - | BF10: - | BG10: - | BH10: - | BI10: - | BJ10: - | BK10: - | BL10: 29330 | BM10: - | BN10: - | BO10: - | BP10: - | BQ10: - | BR10: 122 | BS10: - | BT10: - | BU10: - | BV10: 806157 | BW10: 68503 | BX10: 32 | BY10: 385 | BZ10: - | CA10: - | CB10: - | CC10: - | CD10: - | CE10: - | CF10: - | CG10: - | CH10: - | CI10: - | CJ10: - | CK10: - | CL10: - | CM10: - | CN10: - | CO10: - | CP10: - | CQ10: - | CR10: - | CS10: - | CT10: - | CU10: - | CV10: - | CW10: - | CX10: - | CY10: - | CZ10: - | DA10: - | DB10: - | DC10: - | DD10: - | DE10: 83 | DF10: - | DG10: - | DH10: - | DI10: - | DJ10: - | DK10: - | DL10: - | DM10: - | DN10: - | DO10: - | DP10: - | DQ10: - | DR10: - | DS10: - | DT10: - | DU10: - | DV10: - | DW10: - | DX10: - | DY10: - | DZ10: - | EA10: - | EB10: - | EC10: - | ED10: - | EE10: - | EF10: - | EG10: - | EH10: - | EI10: - | EJ10: - | EK10: - | EL10: - | EM10: - | EN10: - | EO10: - | EP10: - | EQ10: - | ER10: - | ES10: - | ET10: - | EU10: - | EV10: - | EW10: - | EX10: - | EY10: - | EZ10: - | FA10: - | FB10: - | FC10: - | FD10: - | FE10: - | FF10: - | FG10: - | FH10: - | FI10: - | FJ10: - | FK10: 69016 | FL10: 209019 | FM10: - | FN10: - | FO10: - | FP10: - | FQ10: - | FR10: - | FS10: - | FT10: - | FU10: - | FV10: - | FW10: - | FX10: 73295 | FY10: 3803 | FZ10: 233727 | GA10: 5510 | GB10: 2922 | GC10: 17691 | GD10: 50278 | GE10: - | GF10: 11076 | GG10: 1877793 | GH10: 1172358 | GI10: - | GJ10: - | GK10: - | GL10: 14 | GM10: 315024 | GN10: - | GO10: 1487396 | GP10: 3365189 | GQ10: 20483 | GR10: - | GS10: - | GT10: 20483 | GU10: - | GV10: - | GW10: - | GX10: - | GY10: - | GZ10: 3344706 | HA10: 3365189
B11: 6 | C11: Kacang tanah | D11: - | E11: - | F11: - | G11: - | H11: - | I11: 273532 | J11: - | K11: - | L11: - | M11: - | N11: - | O11: - | P11: - | Q11: - | R11: - | S11: - | T11: - | U11: - | V11: - | W11: - | X11: - | Y11: - | Z11: - | AA11: - | AB11: - | AC11: 31884 | AD11: 914 | AE11: 14353 | AF11: 2271 | AG11: - | AH11: - | AI11: - | AJ11: - | AK11: - | AL11: - | AM11: - | AN11: - | AO11: - | AP11: - | AQ11: - | AR11: - | AS11: - | AT11: - | AU11: - | AV11: - | AW11: - | AX11: - | AY11: - | AZ11: - | BA11: - | BB11: - | BC11: - | BD11: - | BE11: - | BF11: - | BG11: - | BH11: 443328 | BI11: 16644 | BJ11: - | BK11: - | BL11: 503477 | BM11: - | BN11: - | BO11: - | BP11: - | BQ11: - | BR11: - | BS11: 342 | BT11: - | BU11: - | BV11: 2410591 | BW11: 399185 | BX11: - | BY11: 25995 | BZ11: - | CA11: - | CB11: - | CC11: - | CD11: - | CE11: - | CF11: - | CG11: - | CH11: - | CI11: - | CJ11: - | CK11: - | CL11: - | CM11: - | CN11: - | CO11: - | CP11: - | CQ11: - | CR11: - | CS11: - | CT11: - | CU11: - | CV11: - | CW11: - | CX11: - | CY11: - | CZ11: - | DA11: - | DB11: - | DC11: - | DD11: 779 | DE11: 48 | DF11: - | DG11: - | DH11: - | DI11: - | DJ11: - | DK11: - | DL11: - | DM11: - | DN11: - | DO11: - | DP11: - | DQ11: - | DR11: - | DS11: - | DT11: - | DU11: - | DV11: - | DW11: - | DX11: - | DY11: - | DZ11: - | EA11: - | EB11: - | EC11: - | ED11: - | EE11: - | EF11: - | EG11: - | EH11: - | EI11: - | EJ11: - | EK11: - | EL11: - | EM11: - | EN11: - | EO11: - | EP11: - | EQ11: - | ER11: - | ES11: - | ET11: - | EU11: - | EV11: - | EW11: - | EX11: - | EY11: - | EZ11: - | FA11: - | FB11: - | FC11: - | FD11: - | FE11: - | FF11: - | FG11: - | FH11: - | FI11: - | FJ11: - | FK11: 17964 | FL11: 394998 | FM11: - | FN11: - | FO11: - | FP11: - | FQ11: - | FR11: - | FS11: - | FT11: - | FU11: - | FV11: - | FW11: - | FX11: 36810 | FY11: 2275 | FZ11: 4687 | GA11: 3539 | GB11: 8704 | GC11: 19012 | GD11: 23843 | GE11: - | GF11: 30646 | GG11: 4665821 | GH11: 2535612 | GI11: - | GJ11: - | GK11: - | GL11: 52310 | GM11: 61767 | GN11: - | GO11: 2649689 | GP11: 7315510 | GQ11: 114879 | GR11: - | GS11: - | GT11: 114879 | GU11: - | GV11: - | GW11: - | GX11: - | GY11: - | GZ11: 7200631 | HA11: 7315510
B12: 7 | C12: Kedelai | D12: - | E12: - | F12: - | G12: - | H12: - | I12: - | J12: 195011 | K12: - | L12: - | M12: - | N12: - | O12: - | P12: - | Q12: - | R12: - | S12: - | T12: - | U12: - | V12: - | W12: - | X12: - | Y12: - | Z12: - | AA12: - | AB12: - | AC12: 15432 | AD12: 99 | AE12: 1039 | AF12: 988 | AG12: - | AH12: - | AI12: - | AJ12: - | AK12: - | AL12: - | AM12: - | AN12: - | AO12: - | AP12: - | AQ12: - | AR12: - | AS12: - | AT12: - | AU12: - | AV12: - | AW12: - | AX12: - | AY12: - | AZ12: - | BA12: - | BB12: - | BC12: - | BD12: - | BE12: - | BF12: - | BG12: - | BH12: 1464129 | BI12: 5580 | BJ12: - | BK12: - | BL12: 335003 | BM12: - | BN12: - | BO12: - | BP12: - | BQ12: - | BR12: - | BS12: 51 | BT12: - | BU12: 16229170 | BV12: 15000 | BW12: 3916 | BX12: 1602 | BY12: 56875 | BZ12: - | CA12: - | CB12: - | CC12: - | CD12: - | CE12: - | CF12: - | CG12: - | CH12: - | CI12: - | CJ12: - | CK12: - | CL12: - | CM12: - | CN12: - | CO12: - | CP12: - | CQ12: - | CR12: - | CS12: - | CT12: - | CU12: - | CV12: - | CW12: - | CX12: - | CY12: - | CZ12: - | DA12: - | DB12: - | DC12: - | DD12: 101 | DE12: 25 | DF12: - | DG12: - | DH12: - | DI12: - | DJ12: - | DK12: - | DL12: - | DM12: - | DN12: - | DO12: - | DP12: - | DQ12: - | DR12: - | DS12: - | DT12: - | DU12: - | DV12: - | DW12: - | DX12: - | DY12: - | DZ12: - | EA12: - | EB12: - | EC12: - | ED12: - | EE12: - | EF12: - | EG12: - | EH12: - | EI12: - | EJ12: - | EK12: - | EL12: - | EM12: - | EN12: - | EO12: - | EP12: - | EQ12: - | ER12: - | ES12: - | ET12: - | EU12: - | EV12: - | EW12: - | EX12: - | EY12: - | EZ12: - | FA12: - | FB12: - | FC12: - | FD12: - | FE12: - | FF12: - | FG12: - | FH12: - | FI12: - | FJ12: - | FK12: 49 | FL12: 7452 | FM12: - | FN12: - | FO12: - | FP12: - | FQ12: - | FR12: - | FS12: - | FT12: - | FU12: - | FV12: - | FW12: - | FX12: 35523 | FY12: 100 | FZ12: 1963 | GA12: 89 | GB12: 3742 | GC12: 4156 | GD12: 3778 | GE12: - | GF12: 17573 | GG12: 18398446 | GH12: 798232 | GI12: - | GJ12: - | GK12: - | GL12: 371502 | GM12: 7135 | GN12: - | GO12: 1176869 | GP12: 19575315 | GQ12: 15291539 | GR12: - | GS12: - | GT12: 15291539 | GU12: - | GV12: - | GW12: - | GX12: - | GY12: - | GZ12: 4283776 | HA12: 19575315
B13: 8 | C13: Kacang-kacangan Lainnya | D13: - | E13: - | F13: - | G13: - | H13: - | I13: - | J13: - | K13: 525023 | L13: - | M13: - | N13: - | O13: - | P13: - | Q13: - | R13: - | S13: - | T13: - | U13: - | V13: - | W13: - | X13: - | Y13: - | Z13: - | AA13: - | AB13: - | AC13: 9389 | AD13: 280 | AE13: 5610 | AF13: 1457 | AG13: - | AH13: - | AI13: - | AJ13: - | AK13: - | AL13: - | AM13: - | AN13: - | AO13: - | AP13: - | AQ13: - | AR13: - | AS13: - | AT13: - | AU13: - | AV13: - | AW13: - | AX13: - | AY13: - | AZ13: - | BA13: - | BB13: - | BC13: - | BD13: - | BE13: - | BF13: - | BG13: - | BH13: - | BI13: 57 | BJ13: - | BK13: - | BL13: 9331 | BM13: - | BN13: - | BO13: 48401 | BP13: - | BQ13: - | BR13: - | BS13: 78 | BT13: - | BU13: 57879 | BV13: 215944 | BW13: 37946 | BX13: 23 | BY13: 182523 | BZ13: - | CA13: - | CB13: - | CC13: - | CD13: - | CE13: - | CF13: - | CG13: - | CH13: - | CI13: - | CJ13: - | CK13: - | CL13: - | CM13: - | CN13: - | CO13: - | CP13: - | CQ13: - | CR13: - | CS13: - | CT13: - | CU13: - | CV13: - | CW13: - | CX13: - | CY13: - | CZ13: - | DA13: - | DB13: - | DC13: - | DD13: 595 | DE13: 9 | DF13: - | DG13: - | DH13: - | DI13: - | DJ13: - | DK13: - | DL13: - | DM13: - | DN13: - | DO13: - | DP13: - | DQ13: - | DR13: - | DS13: - | DT13: - | DU13: - | DV13: - | DW13: - | DX13: - | DY13: - | DZ13: - | EA13: - | EB13: - | EC13: - | ED13: - | EE13: - | EF13: - | EG13: - | EH13: - | EI13: - | EJ13: - | EK13: - | EL13: - | EM13: - | EN13: - | EO13: - | EP13: - | EQ13: - | ER13: - | ES13: - | ET13: - | EU13: - | EV13: - | EW13: - | EX13: - | EY13: - | EZ13: - | FA13: - | FB13: - | FC13: - | FD13: - | FE13: - | FF13: - | FG13: - | FH13: - | FI13: - | FJ13: - | FK13: 3345 | FL13: 70896 | FM13: - | FN13: - | FO13: - | FP13: - | FQ13: - | FR13: - | FS13: - | FT13: - | FU13: - | FV13: - | FW13: - | FX13: - | FY13: 1196 | FZ13: 1388 | GA13: 356 | GB13: 14103 | GC13: 28298 | GD13: 14170 | GE13: - | GF13: 67025 | GG13: 1295322 | GH13: 11145361 | GI13: - | GJ13: - | GK13: - | GL13: 9 | GM13: 32616 | GN13: - | GO13: 11177986 | GP13: 12473308 | GQ13: - | GR13: - | GS13: - | GT13: - | GU13: - | GV13: - | GW13: - | GX13: - | GY13: - | GZ13: 12473308 | HA13: 12473308
B14: 9 | C14: Padi-padian dan Bahan Makanan Lainnya | D14: - | E14: - | F14: - | G14: - | H14: - | I14: - | J14: - | K14: - | L14: 28143 | M14: - | N14: - | O14: - | P14: - | Q14: - | R14: - | S14: - | T14: - | U14: - | V14: - | W14: - | X14: - | Y14: - | Z14: - | AA14: - | AB14: - | AC14: - | AD14: - | AE14: 4696 | AF14: 153673 | AG14: - | AH14: - | AI14: - | AJ14: - | AK14: - | AL14: - | AM14: - | AN14: - | AO14: - | AP14: - | AQ14: - | AR14: - | AS14: - | AT14: - | AU14: - | AV14: - | AW14: - | AX14: - | AY14: - | AZ14: - | BA14: - | BB14: - | BC14: - | BD14: - | BE14: - | BF14: - | BG14: - | BH14: - | BI14: 6837796 | BJ14: - | BK14: - | BL14: 2580462 | BM14: 25408585 | BN14: - | BO14: - | BP14: 82233 | BQ14: 18988 | BR14: - | BS14: - | BT14: - | BU14: - | BV14: 142483 | BW14: 13588 | BX14: 2613194 | BY14: 3055 | BZ14: - | CA14: - | CB14: - | CC14: - | CD14: - | CE14: - | CF14: - | CG14: - | CH14: - | CI14: - | CJ14: - | CK14: - | CL14: - | CM14: - | CN14: - | CO14: - | CP14: - | CQ14: - | CR14: - | CS14: - | CT14: - | CU14: - | CV14: - | CW14: - | CX14: - | CY14: - | CZ14: - | DA14: - | DB14: - | DC14: 15239 | DD14: 24251 | DE14: - | DF14: - | DG14: - | DH14: - | DI14: - | DJ14: - | DK14: - | DL14: - | DM14: - | DN14: - | DO14: - | DP14: - | DQ14: - | DR14: - | DS14: - | DT14: - | DU14: - | DV14: - | DW14: - | DX14: - | DY14: - | DZ14: - | EA14: - | EB14: - | EC14: - | ED14: - | EE14: - | EF14: - | EG14: - | EH14: - | EI14: - | EJ14: - | EK14: - | EL14: - | EM14: - | EN14: - | EO14: - | EP14: - | EQ14: - | ER14: - | ES14: - | ET14: - | EU14: - | EV14: - | EW14: - | EX14: - | EY14: - | EZ14: - | FA14: - | FB14: - | FC14: - | FD14: - | FE14: - | FF14: - | FG14: - | FH14: - | FI14: - | FJ14: - | FK14: 401824 | FL14: 1769850 | FM14: - | FN14: - | FO14: - | FP14: - | FQ14: - | FR14: - | FS14: - | FT14: - | FU14: - | FV14: - | FW14: - | FX14: - | FY14: 22611 | FZ14: 25722 | GA14: 42581 | GB14: 110868 | GC14: 418389 | GD14: 23802 | GE14: - | GF14: 511147 | GG14: 41253180 | GH14: 170520 | GI14: - | GJ14: - | GK14: - | GL14: -3268 | GM14: 40444 | GN14: - | GO14: 207696 | GP14: 41460876 | GQ14: 41057663 | GR14: - | GS14: - | GT14: 41057663 | GU14: - | GV14: - | GW14: - | GX14: - | GY14: - | GZ14: 403213 | HA14: 41460876
B15: 10 | C15: Sayur-sayuran | D15: - | E15: - | F15: - | G15: - | H15: - | I15: - | J15: - | K15: - | L15: - | M15: 7102609 | N15: - | O15: - | P15: - | Q15: - | R15: - | S15: - | T15: - | U15: - | V15: - | W15: - | X15: - | Y15: - | Z15: - | AA15: - | AB15: - | AC15: 235192 | AD15: 5 | AE15: 489 | AF15: 140060 | AG15: - | AH15: - | AI15: - | AJ15: - | AK15: - | AL15: - | AM15: - | AN15: - | AO15: - | AP15: - | AQ15: - | AR15: - | AS15: - | AT15: - | AU15: - | AV15: - | AW15: - | AX15: - | AY15: - | AZ15: - | BA15: - | BB15: - | BC15: - | BD15: - | BE15: - | BF15: 6628 | BG15: 9542 | BH15: 1728929 | BI15: - | BJ15: - | BK15: - | BL15: 11442 | BM15: - | BN15: - | BO15: - | BP15: - | BQ15: 7502 | BR15: 4449686 | BS15: - | BT15: - | BU15: 76952 | BV15: 14005739 | BW15: 75241 | BX15: 11194 | BY15: 12521 | BZ15: - | CA15: - | CB15: - | CC15: - | CD15: - | CE15: - | CF15: - | CG15: - | CH15: - | CI15: - | CJ15: - | CK15: - | CL15: - | CM15: - | CN15: - | CO15: - | CP15: - | CQ15: - | CR15: - | CS15: - | CT15: - | CU15: - | CV15: - | CW15: - | CX15: - | CY15: - | CZ15: - | DA15: - | DB15: - | DC15: - | DD15: 191555 | DE15: 59850 | DF15: - | DG15: - | DH15: - | DI15: - | DJ15: - | DK15: - | DL15: - | DM15: - | DN15: - | DO15: - | DP15: - | DQ15: - | DR15: - | DS15: - | DT15: - | DU15: - | DV15: - | DW15: - | DX15: - | DY15: - | DZ15: - | EA15: - | EB15: - | EC15: - | ED15: - | EE15: - | EF15: - | EG15: - | EH15: - | EI15: - | EJ15: - | EK15: - | EL15: - | EM15: - | EN15: - | EO15: - | EP15: - | EQ15: - | ER15: - | ES15: - | ET15: - | EU15: - | EV15: - | EW15: - | EX15: - | EY15: - | EZ15: - | FA15: - | FB15: - | FC15: - | FD15: - | FE15: - | FF15: - | FG15: - | FH15: - | FI15: - | FJ15: - | FK15: 3071318 | FL15: 21709124 | FM15: - | FN15: - | FO15: - | FP15: - | FQ15: - | FR15: - | FS15: - | FT15: - | FU15: - | FV15: - | FW15: - | FX15: 632470 | FY15: 21090 | FZ15: 155579 | GA15: 33073 | GB15: 70862 | GC15: 989755 | GD15: 965987 | GE15: - | GF15: 119068 | GG15: 55893462 | GH15: 140792281 | GI15: - | GJ15: - | GK15: 794955 | GL15: 169911 | GM15: 1257072 | GN15: - | GO15: 143014219 | GP15: 198907681 | GQ15: 13291834 | GR15: - | GS15: - | GT15: 13291834 | GU15: - | GV15: - | GW15: - | GX15: - | GY15: - | GZ15: 185615847 | HA15: 198907681
B16: 11 | C16: Tanaman Hias dan Holtikultura Lainnya | D16: - | E16: - | F16: - | G16: - | H16: - | I16: - | J16: - | K16: - | L16: - | M16: - | N16: 212648 | O16: - | P16: - | Q16: - | R16: - | S16: - | T16: - | U16: - | V16: - | W16: - | X16: - | Y16: - | Z16: - | AA16: - | AB16: - | AC16: 777298 | AD16: 35884 | AE16: 217899 | AF16: 42995 | AG16: - | AH16: - | AI16: - | AJ16: 197031 | AK16: - | AL16: - | AM16: - | AN16: - | AO16: - | AP16: - | AQ16: - | AR16: - | AS16: - | AT16: - | AU16: - | AV16: - | AW16: - | AX16: - | AY16: - | AZ16: - | BA16: - | BB16: - | BC16: - | BD16: - | BE16: - | BF16: - | BG16: - | BH16: - | BI16: - | BJ16: - | BK16: - | BL16: - | BM16: - | BN16: - | BO16: - | BP16: - | BQ16: - | BR16: - | BS16: - | BT16: 941209 | BU16: - | BV16: - | BW16: 111453 | BX16: - | BY16: 1593 | BZ16: 130 | CA16: - | CB16: - | CC16: - | CD16: - | CE16: - | CF16: - | CG16: - | CH16: - | CI16: - | CJ16: - | CK16: - | CL16: - | CM16: - | CN16: - | CO16: - | CP16: - | CQ16: - | CR16: - | CS16: - | CT16: - | CU16: - | CV16: - | CW16: - | CX16: - | CY16: - | CZ16: - | DA16: - | DB16: - | DC16: 3145 | DD16: 325912 | DE16: 33139 | DF16: - | DG16: - | DH16: - | DI16: - | DJ16: - | DK16: - | DL16: - | DM16: - | DN16: - | DO16: - | DP16: - | DQ16: - | DR16: - | DS16: - | DT16: - | DU16: - | DV16: - | DW16: - | DX16: - | DY16: - | DZ16: - | EA16: - | EB16: - | EC16: - | ED16: - | EE16: - | EF16: - | EG16: - | EH16: - | EI16: - | EJ16: - | EK16: - | EL16: - | EM16: - | EN16: - | EO16: - | EP16: 394 | EQ16: - | ER16: - | ES16: - | ET16: - | EU16: 3560 | EV16: 665936 | EW16: 185322 | EX16: - | EY16: 39066 | EZ16: 109687 | FA16: - | FB16: - | FC16: - | FD16: - | FE16: - | FF16: - | FG16: - | FH16: - | FI16: - | FJ16: - | FK16: - | FL16: - | FM16: - | FN16: - | FO16: - | FP16: - | FQ16: - | FR16: - | FS16: - | FT16: - | FU16: - | FV16: - | FW16: - | FX16: 121824 | FY16: 1382 | FZ16: 862 | GA16: 203 | GB16: 17142 | GC16: 6392 | GD16: 626389 | GE16: - | GF16: 21655 | GG16: 4700150 | GH16: 996775 | GI16: - | GJ16: - | GK16: 124520 | GL16: 14253 | GM16: 427869 | GN16: - | GO16: 1563417 | GP16: 6263567 | GQ16: 267985 | GR16: - | GS16: - | GT16: 267985 | GU16: - | GV16: - | GW16: - | GX16: - | GY16: - | GZ16: 5995582 | HA16: 6263567
B17: 12 | C17: Tebu | D17: - | E17: - | F17: - | G17: - | H17: - | I17: - | J17: - | K17: - | L17: - | M17: - | N17: - | O17: 1683110 | P17: - | Q17: - | R17: - | S17: - | T17: - | U17: - | V17: - | W17: - | X17: - | Y17: - | Z17: - | AA17: - | AB17: - | AC17: 656480 | AD17: 47375 | AE17: 40 | AF17: - | AG17: - | AH17: - | AI17: - | AJ17: - | AK17: - | AL17: - | AM17: - | AN17: - | AO17: - | AP17: - | AQ17: - | AR17: - | AS17: - | AT17: - | AU17: - | AV17: - | AW17: - | AX17: - | AY17: - | AZ17: - | BA17: - | BB17: - | BC17: - | BD17: - | BE17: - | BF17: - | BG17: - | BH17: - | BI17: - | BJ17: - | BK17: 3286 | BL17: - | BM17: - | BN17: - | BO17: - | BP17: 17584855 | BQ17: - | BR17: - | BS17: - | BT17: 9572 | BU17: - | BV17: 311 | BW17: - | BX17: 31 | BY17: 19777 | BZ17: - | CA17: - | CB17: - | CC17: - | CD17: - | CE17: - | CF17: - | CG17: - | CH17: - | CI17: - | CJ17: - | CK17: - | CL17: - | CM17: - | CN17: - | CO17: - | CP17: - | CQ17: - | CR17: - | CS17: - | CT17: - | CU17: - | CV17: - | CW17: - | CX17: - | CY17: - | CZ17: - | DA17: - | DB17: - | DC17: - | DD17: 111 | DE17: 8374 | DF17: - | DG17: - | DH17: - | DI17: - | DJ17: - | DK17: - | DL17: - | DM17: - | DN17: - | DO17: - | DP17: - | DQ17: - | DR17: - | DS17: - | DT17: - | DU17: - | DV17: - | DW17: - | DX17: - | DY17: - | DZ17: - | EA17: - | EB17: - | EC17: - | ED17: - | EE17: - | EF17: - | EG17: - | EH17: - | EI17: - | EJ17: - | EK17: - | EL17: - | EM17: - | EN17: - | EO17: - | EP17: - | EQ17: - | ER17: - | ES17: - | ET17: - | EU17: - | EV17: - | EW17: - | EX17: - | EY17: - | EZ17: - | FA17: - | FB17: - | FC17: - | FD17: - | FE17: - | FF17: - | FG17: - | FH17: - | FI17: - | FJ17: - | FK17: - | FL17: 81726 | FM17: - | FN17: - | FO17: - | FP17: - | FQ17: - | FR17: - | FS17: - | FT17: - | FU17: - | FV17: - | FW17: - | FX17: 66240 | FY17: - | FZ17: - | GA17: - | GB17: 29 | GC17: - | GD17: - | GE17: - | GF17: - | GG17: 20161317 | GH17: - | GI17: - | GJ17: - | GK17: - | GL17: 330141 | GM17: 346 | GN17: - | GO17: 330487 | GP17: 20491804 | GQ17: - | GR17: - | GS17: - | GT17: - | GU17: - | GV17: - | GW17: - | GX17: - | GY17: - | GZ17: 20491804 | HA17: 20491804
B18: 13 | C18: Tembakau | D18: - | E18: - | F18: - | G18: - | H18: - | I18: - | J18: - | K18: - | L18: - | M18: - | N18: - | O18: - | P18: 502662 | Q18: - | R18: - | S18: - | T18: - | U18: - | V18: - | W18: - | X18: - | Y18: - | Z18: - | AA18: - | AB18: - | AC18: - | AD18: - | AE18: - | AF18: - | AG18: - | AH18: - | AI18: - | AJ18: - | AK18: - | AL18: - | AM18: - | AN18: - | AO18: - | AP18: - | AQ18: - | AR18: - | AS18: - | AT18: - | AU18: - | AV18: - | AW18: - | AX18: - | AY18: - | AZ18: - | BA18: - | BB18: - | BC18: - | BD18: - | BE18: - | BF18: - | BG18: - | BH18: - | BI18: - | BJ18: - | BK18: - | BL18: - | BM18: - | BN18: - | BO18: - | BP18: - | BQ18: - | BR18: - | BS18: - | BT18: - | BU18: - | BV18: - | BW18: - | BX18: - | BY18: - | BZ18: 20290710 | CA18: 1862019 | CB18: - | CC18: - | CD18: - | CE18: - | CF18: - | CG18: - | CH18: - | CI18: - | CJ18: - | CK18: - | CL18: - | CM18: - | CN18: - | CO18: - | CP18: - | CQ18: - | CR18: - | CS18: - | CT18: - | CU18: - | CV18: - | CW18: - | CX18: - | CY18: - | CZ18: - | DA18: - | DB18: - | DC18: - | DD18: 27 | DE18: 1764 | DF18: - | DG18: - | DH18: - | DI18: - | DJ18: - | DK18: - | DL18: - | DM18: - | DN18: - | DO18: - | DP18: - | DQ18: - | DR18: - | DS18: - | DT18: - | DU18: - | DV18: - | DW18: - | DX18: - | DY18: - | DZ18: - | EA18: - | EB18: - | EC18: - | ED18: - | EE18: - | EF18: - | EG18: - | EH18: - | EI18: - | EJ18: - | EK18: - | EL18: - | EM18: - | EN18: - | EO18: - | EP18: - | EQ18: - | ER18: - | ES18: - | ET18: - | EU18: - | EV18: - | EW18: - | EX18: - | EY18: - | EZ18: - | FA18: - | FB18: - | FC18: - | FD18: - | FE18: - | FF18: - | FG18: - | FH18: - | FI18: - | FJ18: - | FK18: - | FL18: - | FM18: - | FN18: - | FO18: - | FP18: - | FQ18: - | FR18: - | FS18: - | FT18: - | FU18: - | FV18: - | FW18: - | FX18: 244 | FY18: - | FZ18: - | GA18: - | GB18: - | GC18: - | GD18: - | GE18: - | GF18: - | GG18: 22657426 | GH18: - | GI18: - | GJ18: - | GK18: - | GL18: -165298 | GM18: 983105 | GN18: - | GO18: 817807 | GP18: 23475233 | GQ18: 1146398 | GR18: - | GS18: - | GT18: 1146398 | GU18: - | GV18: - | GW18: - | GX18: - | GY18: - | GZ18: 22328835 | HA18: 23475233
B19: 14 | C19: Tanaman serat | D19: - | E19: - | F19: - | G19: - | H19: - | I19: - | J19: - | K19: - | L19: - | M19: - | N19: - | O19: - | P19: - | Q19: 6621 | R19: - | S19: - | T19: - | U19: - | V19: - | W19: - | X19: - | Y19: - | Z19: - | AA19: - | AB19: - | AC19: - | AD19: - | AE19: - | AF19: - | AG19: - | AH19: - | AI19: - | AJ19: - | AK19: - | AL19: - | AM19: - | AN19: - | AO19: - | AP19: - | AQ19: - | AR19: - | AS19: - | AT19: - | AU19: - | AV19: - | AW19: - | AX19: - | AY19: - | AZ19: - | BA19: - | BB19: - | BC19: - | BD19: - | BE19: - | BF19: - | BG19: - | BH19: - | BI19: - | BJ19: - | BK19: - | BL19: - | BM19: - | BN19: - | BO19: - | BP19: - | BQ19: - | BR19: - | BS19: - | BT19: 613 | BU19: - | BV19: - | BW19: - | BX19: - | BY19: - | BZ19: - | CA19: - | CB19: 10446348 | CC19: 466190 | CD19: 876926 | CE19: 123861 | CF19: 102334 | CG19: 44243 | CH19: 1275 | CI19: 865 | CJ19: 5217 | CK19: - | CL19: 419678 | CM19: 58593 | CN19: - | CO19: - | CP19: - | CQ19: - | CR19: - | CS19: - | CT19: - | CU19: - | CV19: - | CW19: 6647 | CX19: - | CY19: - | CZ19: - | DA19: - | DB19: - | DC19: - | DD19: 30953 | DE19: 7035 | DF19: - | DG19: - | DH19: - | DI19: - | DJ19: - | DK19: - | DL19: - | DM19: - | DN19: - | DO19: - | DP19: - | DQ19: - | DR19: - | DS19: - | DT19: - | DU19: - | DV19: - | DW19: - | DX19: - | DY19: - | DZ19: - | EA19: - | EB19: - | EC19: - | ED19: - | EE19: - | EF19: - | EG19: - | EH19: - | EI19: - | EJ19: - | EK19: - | EL19: - | EM19: - | EN19: - | EO19: - | EP19: - | EQ19: - | ER19: - | ES19: - | ET19: - | EU19: - | EV19: - | EW19: - | EX19: - | EY19: - | EZ19: - | FA19: - | FB19: - | FC19: - | FD19: - | FE19: - | FF19: - | FG19: - | FH19: - | FI19: - | FJ19: - | FK19: - | FL19: - | FM19: - | FN19: - | FO19: - | FP19: - | FQ19: - | FR19: - | FS19: - | FT19: - | FU19: - | FV19: - | FW19: - | FX19: 106 | FY19: - | FZ19: - | GA19: - | GB19: - | GC19: - | GD19: - | GE19: - | GF19: - | GG19: 12597505 | GH19: - | GI19: - | GJ19: - | GK19: - | GL19: -182402 | GM19: 40669 | GN19: - | GO19: -141733 | GP19: 12455772 | GQ19: 11888095 | GR19: - | GS19: - | GT19: 11888095 | GU19: - | GV19: - | GW19: - | GX19: - | GY19: - | GZ19: 567677 | HA19: 12455772
B20: 15 | C20: Hasil Perkebunan Lainnya | D20: - | E20: - | F20: - | G20: - | H20: - | I20: - | J20: - | K20: - | L20: - | M20: - | N20: - | O20: - | P20: - | Q20: - | R20: 2203456 | S20: - | T20: - | U20: - | V20: - | W20: - | X20: - | Y20: - | Z20: - | AA20: - | AB20: - | AC20: - | AD20: - | AE20: - | AF20: - | AG20: - | AH20: - | AI20: - | AJ20: - | AK20: - | AL20: - | AM20: - | AN20: - | AO20: - | AP20: - | AQ20: - | AR20: - | AS20: - | AT20: - | AU20: - | AV20: - | AW20: - | AX20: - | AY20: - | AZ20: - | BA20: - | BB20: - | BC20: - | BD20: 6155 | BE20: - | BF20: - | BG20: 1524 | BH20: 60132 | BI20: 882391 | BJ20: - | BK20: 1148 | BL20: 1004 | BM20: - | BN20: - | BO20: - | BP20: - | BQ20: 8526 | BR20: 2465 | BS20: 1200 | BT20: 13954 | BU20: 62322 | BV20: 13373828 | BW20: - | BX20: 3 | BY20: 86445 | BZ20: 516 | CA20: - | CB20: - | CC20: - | CD20: - | CE20: - | CF20: - | CG20: - | CH20: - | CI20: - | CJ20: - | CK20: - | CL20: - | CM20: - | CN20: - | CO20: - | CP20: - | CQ20: - | CR20: - | CS20: - | CT20: - | CU20: - | CV20: - | CW20: - | CX20: - | CY20: - | CZ20: - | DA20: 60230 | DB20: - | DC20: 36272 | DD20: 786366 | DE20: 483239 | DF20: - | DG20: - | DH20: - | DI20: - | DJ20: - | DK20: - | DL20: - | DM20: - | DN20: - | DO20: - | DP20: - | DQ20: - | DR20: - | DS20: - | DT20: - | DU20: - | DV20: - | DW20: - | DX20: - | DY20: - | DZ20: - | EA20: - | EB20: - | EC20: - | ED20: - | EE20: - | EF20: - | EG20: - | EH20: - | EI20: - | EJ20: 16 | EK20: - | EL20: - | EM20: - | EN20: - | EO20: - | EP20: - | EQ20: - | ER20: - | ES20: - | ET20: - | EU20: - | EV20: - | EW20: - | EX20: - | EY20: - | EZ20: - | FA20: - | FB20: - | FC20: - | FD20: - | FE20: - | FF20: - | FG20: - | FH20: - | FI20: - | FJ20: - | FK20: 251977 | FL20: 2120803 | FM20: - | FN20: - | FO20: - | FP20: - | FQ20: - | FR20: - | FS20: - | FT20: - | FU20: - | FV20: - | FW20: - | FX20: 15846 | FY20: 108 | FZ20: 5491 | GA20: - | GB20: 1 | GC20: 437 | GD20: 8450 | GE20: - | GF20: - | GG20: 20474305 | GH20: 1217970 | GI20: - | GJ20: - | GK20: 20268278 | GL20: 4723074 | GM20: 5043075 | GN20: - | GO20: 31252397 | GP20: 51726702 | GQ20: 669921 | GR20: - | GS20: - | GT20: 669921 | GU20: - | GV20: - | GW20: - | GX20: - | GY20: - | GZ20: 51056781 | HA20: 51726702
B21: 16 | C21: Buah-buahan | D21: - | E21: - | F21: - | G21: - | H21: - | I21: - | J21: - | K21: - | L21: - | M21: - | N21: - | O21: - | P21: - | Q21: - | R21: - | S21: 6334855 | T21: - | U21: - | V21: - | W21: - | X21: - | Y21: - | Z21: - | AA21: - | AB21: - | AC21: 291915 | AD21: - | AE21: 679 | AF21: 59991 | AG21: - | AH21: - | AI21: - | AJ21: 3693 | AK21: - | AL21: - | AM21: - | AN21: 166 | AO21: 59 | AP21: 134 | AQ21: 54 | AR21: 652 | AS21: 118 | AT21: 72 | AU21: 427 | AV21: 22 | AW21: 94 | AX21: 73 | AY21: - | AZ21: 17 | BA21: 85 | BB21: 47 | BC21: 29 | BD21: - | BE21: - | BF21: - | BG21: - | BH21: 7266851 | BI21: 128 | BJ21: - | BK21: 1776201 | BL21: 10986 | BM21: - | BN21: 12 | BO21: 64264 | BP21: 492039 | BQ21: 281 | BR21: - | BS21: 1223 | BT21: 20622 | BU21: 81314 | BV21: 97283 | BW21: 52846 | BX21: 447123 | BY21: 9605509 | BZ21: - | CA21: - | CB21: - | CC21: 59 | CD21: - | CE21: - | CF21: - | CG21: - | CH21: 45 | CI21: - | CJ21: 28 | CK21: - | CL21: 55579 | CM21: 54790 | CN21: 4766 | CO21: 188 | CP21: 122 | CQ21: 125 | CR21: - | CS21: - | CT21: 17092 | CU21: - | CV21: - | CW21: - | CX21: - | CY21: - | CZ21: - | DA21: - | DB21: - | DC21: 3616 | DD21: 699322 | DE21: 127939 | DF21: - | DG21: - | DH21: - | DI21: - | DJ21: - | DK21: - | DL21: - | DM21: - | DN21: 76 | DO21: 148 | DP21: 422 | DQ21: 66 | DR21: 628 | DS21: - | DT21: - | DU21: - | DV21: - | DW21: - | DX21: - | DY21: - | DZ21: - | EA21: 18 | EB21: - | EC21: - | ED21: 85 | EE21: 96 | EF21: 31 | EG21: 177 | EH21: 30 | EI21: 1174 | EJ21: - | EK21: - | EL21: - | EM21: - | EN21: - | EO21: - | EP21: - | EQ21: - | ER21: 13294 | ES21: 1650 | ET21: 136 | EU21: 8729 | EV21: 517 | EW21: 46 | EX21: 94 | EY21: 85 | EZ21: 340 | FA21: 391 | FB21: 222 | FC21: 311117 | FD21: 2471 | FE21: 2373 | FF21: 1846246 | FG21: 5853 | FH21: 1221025 | FI21: - | FJ21: - | FK21: 1916619 | FL21: 9045890 | FM21: 4787 | FN21: 739 | FO21: 2676 | FP21: 630 | FQ21: 1767 | FR21: 150 | FS21: 28 | FT21: 1834 | FU21: 948 | FV21: - | FW21: 157456 | FX21: 260331 | FY21: 55301 | FZ21: 556392 | GA21: 26913 | GB21: 69673 | GC21: 4629333 | GD21: 1153139 | GE21: - | GF21: 246136 | GG21: 49121817 | GH21: 142640371 | GI21: - | GJ21: - | GK21: 19391580 | GL21: -2599515 | GM21: 1923299 | GN21: - | GO21: 161355735 | GP21: 210477552 | GQ21: 18901132 | GR21: - | GS21: - | GT21: 18901132 | GU21: - | GV21: - | GW21: - | GX21: - | GY21: - | GZ21: 191576420 | HA21: 210477552
B22: 17 | C22: Tanaman Biofarmaka | D22: - | E22: - | F22: - | G22: - | H22: - | I22: - | J22: - | K22: - | L22: - | M22: - | N22: - | O22: - | P22: - | Q22: - | R22: - | S22: - | T22: 16629 | U22: - | V22: - | W22: - | X22: - | Y22: - | Z22: - | AA22: - | AB22: - | AC22: - | AD22: - | AE22: - | AF22: - | AG22: - | AH22: - | AI22: - | AJ22: - | AK22: - | AL22: - | AM22: - | AN22: - | AO22: - | AP22: - | AQ22: - | AR22: - | AS22: - | AT22: - | AU22: - | AV22: - | AW22: - | AX22: - | AY22: - | AZ22: - | BA22: - | BB22: - | BC22: - | BD22: - | BE22: 20855 | BF22: - | BG22: - | BH22: 10904 | BI22: 768 | BJ22: - | BK22: 5954 | BL22: - | BM22: - | BN22: - | BO22: - | BP22: - | BQ22: 101 | BR22: - | BS22: 314 | BT22: 175 | BU22: 86708 | BV22: 471291 | BW22: - | BX22: - | BY22: 46710 | BZ22: - | CA22: - | CB22: - | CC22: - | CD22: - | CE22: - | CF22: - | CG22: - | CH22: - | CI22: - | CJ22: - | CK22: - | CL22: - | CM22: - | CN22: - | CO22: - | CP22: - | CQ22: - | CR22: - | CS22: - | CT22: - | CU22: - | CV22: - | CW22: - | CX22: - | CY22: - | CZ22: - | DA22: 52717 | DB22: - | DC22: 124401 | DD22: 243496 | DE22: 1620174 | DF22: - | DG22: - | DH22: - | DI22: - | DJ22: - | DK22: - | DL22: - | DM22: - | DN22: - | DO22: - | DP22: - | DQ22: - | DR22: - | DS22: - | DT22: - | DU22: - | DV22: - | DW22: - | DX22: - | DY22: - | DZ22: - | EA22: - | EB22: - | EC22: - | ED22: - | EE22: - | EF22: - | EG22: - | EH22: - | EI22: - | EJ22: - | EK22: - | EL22: - | EM22: - | EN22: - | EO22: - | EP22: - | EQ22: - | ER22: - | ES22: - | ET22: - | EU22: 261 | EV22: - | EW22: - | EX22: - | EY22: - | EZ22: - | FA22: - | FB22: - | FC22: - | FD22: - | FE22: - | FF22: - | FG22: - | FH22: - | FI22: - | FJ22: - | FK22: 361 | FL22: 4963 | FM22: - | FN22: - | FO22: - | FP22: - | FQ22: - | FR22: - | FS22: - | FT22: - | FU22: - | FV22: - | FW22: - | FX22: 55198 | FY22: 1392 | FZ22: 17457 | GA22: 278 | GB22: 7 | GC22: 46963 | GD22: 11738 | GE22: - | GF22: - | GG22: 2839815 | GH22: 1601670 | GI22: - | GJ22: - | GK22: 728241 | GL22: 535473 | GM22: 3918648 | GN22: - | GO22: 6784032 | GP22: 9623847 | GQ22: 739379 | GR22: - | GS22: - | GT22: 739379 | GU22: - | GV22: - | GW22: - | GX22: - | GY22: - | GZ22: 8884468 | HA22: 9623847
B23: 18 | C23: Karet | D23: - | E23: - | F23: - | G23: - | H23: - | I23: - | J23: - | K23: - | L23: - | M23: - | N23: - | O23: - | P23: - | Q23: - | R23: - | S23: - | T23: - | U23: 4670525 | V23: - | W23: - | X23: - | Y23: - | Z23: - | AA23: - | AB23: - | AC23: - | AD23: - | AE23: - | AF23: - | AG23: - | AH23: - | AI23: - | AJ23: - | AK23: - | AL23: - | AM23: - | AN23: - | AO23: - | AP23: - | AQ23: - | AR23: - | AS23: - | AT23: - | AU23: - | AV23: - | AW23: - | AX23: - | AY23: - | AZ23: - | BA23: - | BB23: - | BC23: - | BD23: - | BE23: - | BF23: - | BG23: - | BH23: - | BI23: - | BJ23: - | BK23: - | BL23: - | BM23: - | BN23: - | BO23: - | BP23: - | BQ23: - | BR23: - | BS23: - | BT23: - | BU23: - | BV23: - | BW23: - | BX23: - | BY23: - | BZ23: - | CA23: - | CB23: - | CC23: - | CD23: - | CE23: - | CF23: - | CG23: - | CH23: - | CI23: - | CJ23: - | CK23: - | CL23: - | CM23: - | CN23: - | CO23: - | CP23: - | CQ23: - | CR23: - | CS23: - | CT23: - | CU23: - | CV23: - | CW23: 3479714 | CX23: - | CY23: 851931 | CZ23: - | DA23: - | DB23: - | DC23: - | DD23: - | DE23: - | DF23: 7385763 | DG23: 43382924 | DH23: 3011102 | DI23: 2211596 | DJ23: - | DK23: - | DL23: - | DM23: - | DN23: - | DO23: - | DP23: 48599 | DQ23: - | DR23: 59838 | DS23: - | DT23: - | DU23: - | DV23: - | DW23: - | DX23: - | DY23: - | DZ23: - | EA23: - | EB23: - | EC23: - | ED23: - | EE23: - | EF23: - | EG23: - | EH23: - | EI23: 886703 | EJ23: 829126 | EK23: - | EL23: - | EM23: - | EN23: - | EO23: - | EP23: - | EQ23: - | ER23: - | ES23: - | ET23: - | EU23: - | EV23: - | EW23: - | EX23: - | EY23: 8925 | EZ23: 690 | FA23: - | FB23: - | FC23: - | FD23: - | FE23: - | FF23: - | FG23: - | FH23: - | FI23: - | FJ23: - | FK23: - | FL23: - | FM23: - | FN23: - | FO23: - | FP23: - | FQ23: - | FR23: - | FS23: - | FT23: - | FU23: - | FV23: - | FW23: - | FX23: - | FY23: - | FZ23: - | GA23: - | GB23: 2771 | GC23: - | GD23: - | GE23: - | GF23: - | GG23: 66830207 | GH23: - | GI23: - | GJ23: - | GK23: 8522818 | GL23: 4075702 | GM23: 88039 | GN23: - | GO23: 12686559 | GP23: 79516766 | GQ23: 667495 | GR23: - | GS23: - | GT23: 667495 | GU23: - | GV23: - | GW23: - | GX23: - | GY23: - | GZ23: 78849271 | HA23: 79516766
B24: 19 | C24: Kelapa | D24: - | E24: - | F24: - | G24: - | H24: - | I24: - | J24: - | K24: - | L24: - | M24: - | N24: - | O24: - | P24: - | Q24: - | R24: - | S24: - | T24: - | U24: - | V24: 905673 | W24: - | X24: - | Y24: - | Z24: - | AA24: - | AB24: - | AC24: - | AD24: - | AE24: - | AF24: - | AG24: - | AH24: - | AI24: - | AJ24: - | AK24: - | AL24: - | AM24: - | AN24: - | AO24: - | AP24: - | AQ24: - | AR24: - | AS24: - | AT24: - | AU24: - | AV24: - | AW24: - | AX24: - | AY24: - | AZ24: - | BA24: - | BB24: - | BC24: - | BD24: 39513 | BE24: - | BF24: - | BG24: - | BH24: 106 | BI24: 18746 | BJ24: 9586268 | BK24: 884063 | BL24: - | BM24: - | BN24: - | BO24: 945843 | BP24: 335 | BQ24: - | BR24: - | BS24: 1840 | BT24: - | BU24: - | BV24: 1339359 | BW24: 45765 | BX24: 50356 | BY24: 1692241 | BZ24: - | CA24: - | CB24: - | CC24: - | CD24: - | CE24: - | CF24: - | CG24: - | CH24: - | CI24: 4138 | CJ24: 23904 | CK24: - | CL24: - | CM24: - | CN24: 85210 | CO24: - | CP24: - | CQ24: - | CR24: - | CS24: - | CT24: - | CU24: 2455792 | CV24: - | CW24: - | CX24: - | CY24: - | CZ24: - | DA24: - | DB24: - | DC24: 759821 | DD24: 1231575 | DE24: 240944 | DF24: - | DG24: - | DH24: - | DI24: - | DJ24: - | DK24: - | DL24: - | DM24: - | DN24: - | DO24: - | DP24: - | DQ24: - | DR24: 15055 | DS24: - | DT24: - | DU24: - | DV24: - | DW24: - | DX24: - | DY24: - | DZ24: - | EA24: - | EB24: - | EC24: - | ED24: - | EE24: - | EF24: - | EG24: - | EH24: - | EI24: - | EJ24: 656299 | EK24: 90583 | EL24: 55643 | EM24: 18395 | EN24: - | EO24: - | EP24: - | EQ24: - | ER24: - | ES24: - | ET24: - | EU24: - | EV24: - | EW24: - | EX24: - | EY24: - | EZ24: - | FA24: - | FB24: - | FC24: - | FD24: - | FE24: - | FF24: - | FG24: - | FH24: - | FI24: - | FJ24: - | FK24: 550284 | FL24: 7519080 | FM24: - | FN24: - | FO24: - | FP24: - | FQ24: - | FR24: - | FS24: - | FT24: - | FU24: - | FV24: - | FW24: - | FX24: 43005 | FY24: 11044 | FZ24: 517 | GA24: 1406 | GB24: 23501 | GC24: 99166 | GD24: 295482 | GE24: - | GF24: 17554 | GG24: 29708506 | GH24: 8255309 | GI24: - | GJ24: - | GK24: 5989568 | GL24: -1261073 | GM24: 5079287 | GN24: - | GO24: 18063091 | GP24: 47771597 | GQ24: 90012 | GR24: - | GS24: - | GT24: 90012 | GU24: - | GV24: - | GW24: - | GX24: - | GY24: - | GZ24: 47681585 | HA24: 47771597
B25: 20 | C25: Kelapa Sawit | D25: - | E25: - | F25: - | G25: - | H25: - | I25: - | J25: - | K25: - | L25: - | M25: - | N25: - | O25: - | P25: - | Q25: - | R25: - | S25: - | T25: - | U25: - | V25: - | W25: 48870767 | X25: - | Y25: - | Z25: - | AA25: - | AB25: - | AC25: - | AD25: - | AE25: - | AF25: - | AG25: - | AH25: - | AI25: - | AJ25: - | AK25: - | AL25: - | AM25: - | AN25: - | AO25: - | AP25: - | AQ25: - | AR25: - | AS25: - | AT25: - | AU25: - | AV25: - | AW25: - | AX25: - | AY25: - | AZ25: - | BA25: - | BB25: - | BC25: - | BD25: - | BE25: - | BF25: - | BG25: - | BH25: - | BI25: 270438688 | BJ25: - | BK25: - | BL25: - | BM25: - | BN25: - | BO25: - | BP25: - | BQ25: - | BR25: - | BS25: - | BT25: - | BU25: - | BV25: - | BW25: - | BX25: - | BY25: - | BZ25: - | CA25: - | CB25: - | CC25: - | CD25: - | CE25: - | CF25: - | CG25: - | CH25: - | CI25: - | CJ25: - | CK25: - | CL25: - | CM25: - | CN25: - | CO25: - | CP25: - | CQ25: - | CR25: - | CS25: - | CT25: - | CU25: - | CV25: - | CW25: - | CX25: - | CY25: - | CZ25: - | DA25: - | DB25: - | DC25: - | DD25: - | DE25: - | DF25: - | DG25: - | DH25: - | DI25: - | DJ25: - | DK25: - | DL25: - | DM25: - | DN25: - | DO25: - | DP25: - | DQ25: - | DR25: - | DS25: - | DT25: - | DU25: - | DV25: - | DW25: - | DX25: - | DY25: - | DZ25: - | EA25: - | EB25: - | EC25: - | ED25: - | EE25: - | EF25: - | EG25: - | EH25: - | EI25: - | EJ25: - | EK25: - | EL25: - | EM25: - | EN25: - | EO25: - | EP25: - | EQ25: - | ER25: - | ES25: - | ET25: - | EU25: - | EV25: - | EW25: - | EX25: - | EY25: - | EZ25: - | FA25: - | FB25: - | FC25: - | FD25: - | FE25: - | FF25: - | FG25: - | FH25: - | FI25: - | FJ25: - | FK25: - | FL25: - | FM25: - | FN25: - | FO25: - | FP25: - | FQ25: - | FR25: - | FS25: - | FT25: - | FU25: - | FV25: - | FW25: - | FX25: - | FY25: - | FZ25: - | GA25: - | GB25: 887 | GC25: - | GD25: - | GE25: - | GF25: - | GG25: 319310342 | GH25: - | GI25: - | GJ25: - | GK25: 70072917 | GL25: -12264215 | GM25: 151280 | GN25: - | GO25: 57959982 | GP25: 377270324 | GQ25: 311 | GR25: - | GS25: - | GT25: 311 | GU25: - | GV25: - | GW25: - | GX25: - | GY25: - | GZ25: 377270013 | HA25: 377270324
B26: 21 | C26: Kopi | D26: - | E26: - | F26: - | G26: - | H26: - | I26: - | J26: - | K26: - | L26: - | M26: - | N26: - | O26: - | P26: - | Q26: - | R26: - | S26: - | T26: - | U26: - | V26: - | W26: - | X26: 4525411 | Y26: - | Z26: - | AA26: - | AB26: - | AC26: - | AD26: - | AE26: - | AF26: - | AG26: - | AH26: - | AI26: - | AJ26: - | AK26: - | AL26: - | AM26: - | AN26: - | AO26: - | AP26: - | AQ26: - | AR26: - | AS26: - | AT26: - | AU26: - | AV26: - | AW26: - | AX26: - | AY26: - | AZ26: - | BA26: - | BB26: - | BC26: - | BD26: - | BE26: - | BF26: - | BG26: - | BH26: - | BI26: - | BJ26: - | BK26: 1703462 | BL26: - | BM26: - | BN26: - | BO26: - | BP26: - | BQ26: 21303 | BR26: - | BS26: 22555784 | BT26: 1633 | BU26: - | BV26: - | BW26: - | BX26: 5283 | BY26: 1775944 | BZ26: - | CA26: - | CB26: - | CC26: - | CD26: - | CE26: - | CF26: - | CG26: - | CH26: - | CI26: - | CJ26: - | CK26: - | CL26: - | CM26: - | CN26: - | CO26: - | CP26: - | CQ26: - | CR26: - | CS26: - | CT26: - | CU26: - | CV26: - | CW26: - | CX26: - | CY26: - | CZ26: - | DA26: - | DB26: - | DC26: - | DD26: 15191 | DE26: 31958 | DF26: - | DG26: - | DH26: - | DI26: - | DJ26: - | DK26: - | DL26: - | DM26: - | DN26: - | DO26: - | DP26: - | DQ26: - | DR26: - | DS26: - | DT26: - | DU26: - | DV26: - | DW26: - | DX26: - | DY26: - | DZ26: - | EA26: - | EB26: - | EC26: - | ED26: - | EE26: - | EF26: - | EG26: - | EH26: - | EI26: - | EJ26: - | EK26: - | EL26: - | EM26: - | EN26: - | EO26: - | EP26: - | EQ26: - | ER26: - | ES26: - | ET26: - | EU26: - | EV26: - | EW26: - | EX26: - | EY26: - | EZ26: - | FA26: - | FB26: - | FC26: - | FD26: - | FE26: - | FF26: - | FG26: - | FH26: - | FI26: - | FJ26: - | FK26: 166965 | FL26: 4275410 | FM26: - | FN26: - | FO26: - | FP26: - | FQ26: - | FR26: - | FS26: - | FT26: - | FU26: - | FV26: - | FW26: - | FX26: - | FY26: 4416 | FZ26: - | GA26: - | GB26: 128 | GC26: - | GD26: - | GE26: - | GF26: - | GG26: 35082888 | GH26: - | GI26: - | GJ26: - | GK26: 2369997 | GL26: 5008362 | GM26: 8588744 | GN26: - | GO26: 15967103 | GP26: 51049991 | GQ26: 485504 | GR26: - | GS26: - | GT26: 485504 | GU26: - | GV26: - | GW26: - | GX26: - | GY26: - | GZ26: 50564487 | HA26: 51049991
B27: 22 | C27: Teh | D27: - | E27: - | F27: - | G27: - | H27: - | I27: - | J27: - | K27: - | L27: - | M27: - | N27: - | O27: - | P27: - | Q27: - | R27: - | S27: - | T27: - | U27: - | V27: - | W27: - | X27: - | Y27: 41599 | Z27: - | AA27: - | AB27: - | AC27: - | AD27: - | AE27: - | AF27: - | AG27: - | AH27: - | AI27: - | AJ27: - | AK27: - | AL27: - | AM27: - | AN27: - | AO27: - | AP27: - | AQ27: - | AR27: - | AS27: - | AT27: - | AU27: - | AV27: - | AW27: - | AX27: - | AY27: - | AZ27: - | BA27: - | BB27: - | BC27: - | BD27: - | BE27: - | BF27: - | BG27: - | BH27: - | BI27: - | BJ27: - | BK27: 46636 | BL27: - | BM27: - | BN27: - | BO27: - | BP27: - | BQ27: 256 | BR27: - | BS27: - | BT27: 6416630 | BU27: - | BV27: - | BW27: - | BX27: 140 | BY27: 31373 | BZ27: - | CA27: - | CB27: - | CC27: - | CD27: - | CE27: - | CF27: - | CG27: - | CH27: - | CI27: - | CJ27: - | CK27: - | CL27: - | CM27: - | CN27: - | CO27: - | CP27: - | CQ27: - | CR27: - | CS27: - | CT27: - | CU27: - | CV27: - | CW27: - | CX27: - | CY27: - | CZ27: - | DA27: - | DB27: - | DC27: - | DD27: 97 | DE27: 195 | DF27: - | DG27: - | DH27: - | DI27: - | DJ27: - | DK27: - | DL27: - | DM27: - | DN27: - | DO27: - | DP27: - | DQ27: - | DR27: - | DS27: - | DT27: - | DU27: - | DV27: - | DW27: - | DX27: - | DY27: - | DZ27: - | EA27: - | EB27: - | EC27: - | ED27: - | EE27: - | EF27: - | EG27: - | EH27: - | EI27: - | EJ27: - | EK27: - | EL27: - | EM27: - | EN27: - | EO27: - | EP27: - | EQ27: - | ER27: - | ES27: - | ET27: - | EU27: - | EV27: - | EW27: - | EX27: - | EY27: - | EZ27: - | FA27: - | FB27: - | FC27: - | FD27: - | FE27: - | FF27: - | FG27: - | FH27: - | FI27: - | FJ27: - | FK27: - | FL27: 383 | FM27: - | FN27: - | FO27: - | FP27: - | FQ27: - | FR27: - | FS27: - | FT27: - | FU27: - | FV27: - | FW27: - | FX27: - | FY27: - | FZ27: - | GA27: - | GB27: - | GC27: - | GD27: - | GE27: - | GF27: - | GG27: 6537309 | GH27: - | GI27: - | GJ27: - | GK27: 90971 | GL27: 205284 | GM27: 184150 | GN27: - | GO27: 480405 | GP27: 7017714 | GQ27: 114481 | GR27: - | GS27: - | GT27: 114481 | GU27: - | GV27: - | GW27: - | GX27: - | GY27: - | GZ27: 6903233 | HA27: 7017714
B28: 23 | C28: Kakao | D28: - | E28: - | F28: - | G28: - | H28: - | I28: - | J28: - | K28: - | L28: - | M28: - | N28: - | O28: - | P28: - | Q28: - | R28: - | S28: - | T28: - | U28: - | V28: - | W28: - | X28: - | Y28: - | Z28: 1184029 | AA28: - | AB28: - | AC28: - | AD28: - | AE28: - | AF28: - | AG28: - | AH28: - | AI28: - | AJ28: - | AK28: - | AL28: - | AM28: - | AN28: - | AO28: - | AP28: - | AQ28: - | AR28: - | AS28: - | AT28: - | AU28: - | AV28: - | AW28: - | AX28: - | AY28: - | AZ28: - | BA28: - | BB28: - | BC28: - | BD28: - | BE28: - | BF28: - | BG28: - | BH28: - | BI28: 585288 | BJ28: - | BK28: 4091279 | BL28: - | BM28: - | BN28: - | BO28: - | BP28: - | BQ28: 11781162 | BR28: - | BS28: 3403562 | BT28: 3286256 | BU28: - | BV28: 2811213 | BW28: 897484 | BX28: 160588 | BY28: 10838869 | BZ28: - | CA28: - | CB28: - | CC28: - | CD28: - | CE28: - | CF28: - | CG28: - | CH28: - | CI28: - | CJ28: - | CK28: - | CL28: - | CM28: - | CN28: - | CO28: - | CP28: - | CQ28: - | CR28: - | CS28: - | CT28: - | CU28: - | CV28: - | CW28: - | CX28: - | CY28: - | CZ28: - | DA28: 587253 | DB28: 282575 | DC28: 449044 | DD28: 681069 | DE28: 337521 | DF28: - | DG28: - | DH28: - | DI28: - | DJ28: - | DK28: - | DL28: - | DM28: - | DN28: - | DO28: - | DP28: - | DQ28: - | DR28: - | DS28: - | DT28: - | DU28: - | DV28: - | DW28: - | DX28: - | DY28: - | DZ28: - | EA28: - | EB28: - | EC28: - | ED28: - | EE28: - | EF28: - | EG28: - | EH28: - | EI28: - | EJ28: - | EK28: - | EL28: - | EM28: - | EN28: - | EO28: - | EP28: - | EQ28: - | ER28: - | ES28: - | ET28: - | EU28: - | EV28: - | EW28: - | EX28: - | EY28: - | EZ28: - | FA28: - | FB28: - | FC28: - | FD28: - | FE28: - | FF28: - | FG28: - | FH28: - | FI28: - | FJ28: - | FK28: - | FL28: 162762 | FM28: - | FN28: - | FO28: - | FP28: - | FQ28: - | FR28: - | FS28: - | FT28: - | FU28: - | FV28: - | FW28: - | FX28: - | FY28: 4772 | FZ28: - | GA28: - | GB28: - | GC28: - | GD28: - | GE28: - | GF28: - | GG28: 41544726 | GH28: - | GI28: - | GJ28: - | GK28: 8477131 | GL28: 10662308 | GM28: 652470 | GN28: - | GO28: 19791909 | GP28: 61336635 | GQ28: 7724253 | GR28: - | GS28: - | GT28: 7724253 | GU28: - | GV28: - | GW28: - | GX28: - | GY28: - | GZ28: 53612382 | HA28: 61336635
B29: 24 | C29: Cengkeh | D29: - | E29: - | F29: - | G29: - | H29: - | I29: - | J29: - | K29: - | L29: - | M29: - | N29: - | O29: - | P29: - | Q29: - | R29: - | S29: - | T29: - | U29: - | V29: - | W29: - | X29: - | Y29: - | Z29: - | AA29: 268934 | AB29: - | AC29: - | AD29: - | AE29: - | AF29: - | AG29: - | AH29: - | AI29: - | AJ29: - | AK29: - | AL29: - | AM29: - | AN29: - | AO29: - | AP29: - | AQ29: - | AR29: - | AS29: - | AT29: - | AU29: - | AV29: - | AW29: - | AX29: - | AY29: - | AZ29: - | BA29: - | BB29: - | BC29: - | BD29: - | BE29: - | BF29: - | BG29: - | BH29: - | BI29: 124830 | BJ29: - | BK29: - | BL29: - | BM29: - | BN29: - | BO29: - | BP29: - | BQ29: - | BR29: 59471 | BS29: 212 | BT29: 254 | BU29: - | BV29: 6736174 | BW29: - | BX29: 4272 | BY29: 750138 | BZ29: 12159920 | CA29: 784922 | CB29: - | CC29: - | CD29: - | CE29: - | CF29: - | CG29: - | CH29: - | CI29: - | CJ29: - | CK29: - | CL29: - | CM29: - | CN29: - | CO29: - | CP29: - | CQ29: - | CR29: - | CS29: - | CT29: - | CU29: - | CV29: - | CW29: - | CX29: - | CY29: - | CZ29: - | DA29: 51633 | DB29: - | DC29: 63240 | DD29: 291291 | DE29: 198813 | DF29: - | DG29: - | DH29: - | DI29: - | DJ29: - | DK29: - | DL29: - | DM29: - | DN29: - | DO29: - | DP29: - | DQ29: - | DR29: - | DS29: - | DT29: - | DU29: - | DV29: - | DW29: - | DX29: - | DY29: - | DZ29: - | EA29: - | EB29: - | EC29: - | ED29: - | EE29: - | EF29: - | EG29: - | EH29: - | EI29: - | EJ29: - | EK29: - | EL29: - | EM29: - | EN29: - | EO29: - | EP29: - | EQ29: - | ER29: - | ES29: - | ET29: - | EU29: - | EV29: - | EW29: - | EX29: - | EY29: - | EZ29: - | FA29: - | FB29: - | FC29: - | FD29: - | FE29: - | FF29: - | FG29: - | FH29: - | FI29: - | FJ29: - | FK29: 3206 | FL29: 90068 | FM29: - | FN29: - | FO29: - | FP29: - | FQ29: - | FR29: - | FS29: - | FT29: - | FU29: - | FV29: - | FW29: - | FX29: 14821 | FY29: - | FZ29: - | GA29: - | GB29: - | GC29: - | GD29: - | GE29: - | GF29: - | GG29: 21602199 | GH29: 18789 | GI29: - | GJ29: - | GK29: 4819610 | GL29: 1645647 | GM29: 1898577 | GN29: - | GO29: 8382623 | GP29: 29984822 | GQ29: 186552 | GR29: - | GS29: - | GT29: 186552 | GU29: - | GV29: - | GW29: - | GX29: - | GY29: - | GZ29: 29798270 | HA29: 29984822
B30: 25 | C30: Jambu Mete | D30: - | E30: - | F30: - | G30: - | H30: - | I30: - | J30: - | K30: - | L30: - | M30: - | N30: - | O30: - | P30: - | Q30: - | R30: - | S30: - | T30: - | U30: - | V30: - | W30: - | X30: - | Y30: - | Z30: - | AA30: - | AB30: 49969 | AC30: - | AD30: - | AE30: - | AF30: - | AG30: - | AH30: - | AI30: - | AJ30: - | AK30: - | AL30: - | AM30: - | AN30: - | AO30: - | AP30: - | AQ30: - | AR30: - | AS30: - | AT30: - | AU30: - | AV30: - | AW30: - | AX30: - | AY30: - | AZ30: - | BA30: - | BB30: - | BC30: - | BD30: - | BE30: - | BF30: - | BG30: - | BH30: 66710 | BI30: 21667 | BJ30: - | BK30: 117612 | BL30: - | BM30: - | BN30: - | BO30: - | BP30: - | BQ30: 109148 | BR30: - | BS30: 1251 | BT30: - | BU30: - | BV30: 420156 | BW30: 1054 | BX30: 1011 | BY30: 1617 | BZ30: - | CA30: - | CB30: - | CC30: - | CD30: - | CE30: - | CF30: - | CG30: - | CH30: - | CI30: - | CJ30: - | CK30: - | CL30: - | CM30: - | CN30: - | CO30: - | CP30: - | CQ30: - | CR30: - | CS30: - | CT30: - | CU30: - | CV30: - | CW30: - | CX30: - | CY30: - | CZ30: - | DA30: - | DB30: - | DC30: 129 | DD30: 6600 | DE30: 9312 | DF30: - | DG30: - | DH30: - | DI30: - | DJ30: - | DK30: - | DL30: - | DM30: - | DN30: - | DO30: - | DP30: - | DQ30: - | DR30: - | DS30: - | DT30: - | DU30: - | DV30: - | DW30: - | DX30: - | DY30: - | DZ30: - | EA30: - | EB30: - | EC30: - | ED30: - | EE30: - | EF30: - | EG30: - | EH30: - | EI30: - | EJ30: - | EK30: - | EL30: - | EM30: - | EN30: - | EO30: - | EP30: - | EQ30: - | ER30: - | ES30: - | ET30: - | EU30: - | EV30: - | EW30: - | EX30: - | EY30: - | EZ30: - | FA30: - | FB30: - | FC30: - | FD30: - | FE30: - | FF30: - | FG30: - | FH30: - | FI30: - | FJ30: - | FK30: - | FL30: 1169101 | FM30: - | FN30: - | FO30: - | FP30: - | FQ30: - | FR30: - | FS30: - | FT30: - | FU30: - | FV30: - | FW30: - | FX30: - | FY30: - | FZ30: - | GA30: - | GB30: - | GC30: - | GD30: - | GE30: - | GF30: - | GG30: 1975337 | GH30: 90779 | GI30: - | GJ30: - | GK30: 537913 | GL30: -82344 | GM30: 1154119 | GN30: - | GO30: 1700467 | GP30: 3675804 | GQ30: 283 | GR30: - | GS30: - | GT30: 283 | GU30: - | GV30: - | GW30: - | GX30: - | GY30: - | GZ30: 3675521 | HA30: 3675804
B31: 26 | C31: Ternak dan Hasil-hasilnya kecuali Susu Segar | D31: 28623 | E31: 50805 | F31: 551 | G31: 54072 | H31: 401 | I31: 12795 | J31: 4621 | K31: 1283 | L31: - | M31: 486995 | N31: 87313 | O31: 76092 | P31: 312018 | Q31: 316 | R31: 34711 | S31: 656894 | T31: 12257 | U31: 78215 | V31: 289068 | W31: 784875 | X31: 15487 | Y31: 9198 | Z31: 32776 | AA31: 109058 | AB31: 2414 | AC31: 745296 | AD31: 726 | AE31: - | AF31: - | AG31: 598810 | AH31: 124054 | AI31: 141989 | AJ31: 3184 | AK31: - | AL31: - | AM31: 27891 | AN31: - | AO31: - | AP31: - | AQ31: - | AR31: - | AS31: - | AT31: - | AU31: - | AV31: - | AW31: - | AX31: - | AY31: - | AZ31: - | BA31: - | BB31: - | BC31: - | BD31: 55843432 | BE31: - | BF31: - | BG31: - | BH31: - | BI31: - | BJ31: - | BK31: - | BL31: - | BM31: - | BN31: - | BO31: - | BP31: - | BQ31: - | BR31: - | BS31: - | BT31: - | BU31: - | BV31: 1657435 | BW31: 245368 | BX31: - | BY31: - | BZ31: - | CA31: - | CB31: 402 | CC31: - | CD31: 7822 | CE31: - | CF31: - | CG31: 849 | CH31: - | CI31: - | CJ31: - | CK31: - | CL31: - | CM31: - | CN31: - | CO31: - | CP31: - | CQ31: - | CR31: - | CS31: - | CT31: - | CU31: - | CV31: - | CW31: - | CX31: - | CY31: - | CZ31: - | DA31: - | DB31: - | DC31: 7255 | DD31: - | DE31: 178 | DF31: - | DG31: - | DH31: - | DI31: - | DJ31: - | DK31: - | DL31: - | DM31: - | DN31: - | DO31: - | DP31: - | DQ31: - | DR31: - | DS31: - | DT31: - | DU31: - | DV31: - | DW31: - | DX31: - | DY31: - | DZ31: - | EA31: - | EB31: - | EC31: - | ED31: - | EE31: - | EF31: - | EG31: - | EH31: - | EI31: - | EJ31: 548 | EK31: - | EL31: - | EM31: - | EN31: - | EO31: - | EP31: - | EQ31: - | ER31: - | ES31: - | ET31: - | EU31: 14 | EV31: - | EW31: - | EX31: - | EY31: - | EZ31: - | FA31: - | FB31: - | FC31: - | FD31: - | FE31: - | FF31: - | FG31: - | FH31: - | FI31: - | FJ31: - | FK31: - | FL31: 542097 | FM31: - | FN31: - | FO31: - | FP31: - | FQ31: - | FR31: - | FS31: - | FT31: - | FU31: - | FV31: - | FW31: - | FX31: 93016 | FY31: - | FZ31: 97 | GA31: 43 | GB31: - | GC31: - | GD31: 142123 | GE31: - | GF31: - | GG31: 63323467 | GH31: 269360 | GI31: - | GJ31: - | GK31: 45841761 | GL31: -2093127 | GM31: 1005038 | GN31: - | GO31: 45023032 | GP31: 108346499 | GQ31: 6752579 | GR31: - | GS31: - | GT31: 6752579 | GU31: - | GV31: - | GW31: - | GX31: - | GY31: - | GZ31: 101593920 | HA31: 108346499
B32: 27 | C32: Susu segar | D32: - | E32: - | F32: - | G32: - | H32: - | I32: - | J32: - | K32: - | L32: - | M32: - | N32: - | O32: - | P32: - | Q32: - | R32: - | S32: - | T32: - | U32: - | V32: - | W32: - | X32: - | Y32: - | Z32: - | AA32: - | AB32: - | AC32: 194 | AD32: 3063 | AE32: 34406 | AF32: - | AG32: - | AH32: - | AI32: - | AJ32: - | AK32: - | AL32: - | AM32: - | AN32: - | AO32: - | AP32: - | AQ32: - | AR32: - | AS32: - | AT32: - | AU32: - | AV32: - | AW32: - | AX32: - | AY32: - | AZ32: - | BA32: - | BB32: - | BC32: - | BD32: - | BE32: - | BF32: - | BG32: - | BH32: 1663 | BI32: - | BJ32: - | BK32: 15060151 | BL32: - | BM32: - | BN32: - | BO32: 82028 | BP32: - | BQ32: - | BR32: - | BS32: 116 | BT32: 2366 | BU32: - | BV32: 9023 | BW32: - | BX32: 7409 | BY32: 168248 | BZ32: - | CA32: - | CB32: - | CC32: - | CD32: - | CE32: - | CF32: - | CG32: - | CH32: - | CI32: - | CJ32: - | CK32: - | CL32: - | CM32: - | CN32: - | CO32: - | CP32: - | CQ32: - | CR32: - | CS32: - | CT32: - | CU32: - | CV32: - | CW32: - | CX32: - | CY32: - | CZ32: - | DA32: 9815 | DB32: 22253 | DC32: 10624 | DD32: - | DE32: 5432 | DF32: - | DG32: - | DH32: - | DI32: - | DJ32: - | DK32: - | DL32: - | DM32: - | DN32: - | DO32: - | DP32: - | DQ32: - | DR32: - | DS32: - | DT32: - | DU32: - | DV32: - | DW32: - | DX32: - | DY32: - | DZ32: - | EA32: - | EB32: - | EC32: - | ED32: - | EE32: - | EF32: - | EG32: - | EH32: - | EI32: - | EJ32: - | EK32: - | EL32: - | EM32: - | EN32: - | EO32: - | EP32: - | EQ32: - | ER32: - | ES32: - | ET32: - | EU32: - | EV32: - | EW32: - | EX32: - | EY32: - | EZ32: - | FA32: - | FB32: - | FC32: - | FD32: - | FE32: - | FF32: - | FG32: - | FH32: - | FI32: - | FJ32: - | FK32: 36027 | FL32: 349794 | FM32: - | FN32: - | FO32: - | FP32: - | FQ32: - | FR32: - | FS32: - | FT32: - | FU32: - | FV32: - | FW32: - | FX32: 350 | FY32: 180 | FZ32: 795845 | GA32: - | GB32: 32590 | GC32: 502502 | GD32: 30456 | GE32: - | GF32: 211486 | GG32: 17376021 | GH32: 631308 | GI32: - | GJ32: - | GK32: - | GL32: -253419 | GM32: 105271 | GN32: - | GO32: 483160 | GP32: 17859181 | GQ32: 174170 | GR32: - | GS32: - | GT32: 174170 | GU32: - | GV32: - | GW32: - | GX32: - | GY32: - | GZ32: 17685011 | HA32: 17859181
B33: 28 | C33: Unggas dan Hasil-hasilnya | D33: 73845 | E33: 73998 | F33: 7604 | G33: 53483 | H33: 2218 | I33: 13627 | J33: 4973 | K33: 7663 | L33: - | M33: 535092 | N33: 59534 | O33: 55211 | P33: 234278 | Q33: 524 | R33: 23206 | S33: 1057469 | T33: 20140 | U33: 13590 | V33: 4853 | W33: 76013 | X33: 2624 | Y33: 76906 | Z33: 40926 | AA33: 68799 | AB33: 848 | AC33: 47670 | AD33: 5561 | AE33: 4010275 | AF33: 37816 | AG33: - | AH33: - | AI33: - | AJ33: - | AK33: - | AL33: - | AM33: 7611 | AN33: - | AO33: - | AP33: - | AQ33: - | AR33: - | AS33: - | AT33: - | AU33: - | AV33: - | AW33: - | AX33: - | AY33: - | AZ33: - | BA33: - | BB33: - | BC33: - | BD33: 80269264 | BE33: 174359 | BF33: - | BG33: - | BH33: 2683 | BI33: - | BJ33: - | BK33: 36273 | BL33: - | BM33: - | BN33: - | BO33: 1562360 | BP33: - | BQ33: 143 | BR33: 5108 | BS33: 70 | BT33: 127 | BU33: 23097 | BV33: 5066471 | BW33: - | BX33: - | BY33: 9221 | BZ33: - | CA33: - | CB33: - | CC33: - | CD33: - | CE33: - | CF33: - | CG33: - | CH33: - | CI33: - | CJ33: - | CK33: - | CL33: - | CM33: - | CN33: - | CO33: - | CP33: - | CQ33: - | CR33: - | CS33: - | CT33: - | CU33: - | CV33: - | CW33: - | CX33: - | CY33: - | CZ33: - | DA33: - | DB33: - | DC33: 2881 | DD33: 74933 | DE33: 20308 | DF33: - | DG33: - | DH33: - | DI33: - | DJ33: - | DK33: - | DL33: - | DM33: - | DN33: - | DO33: - | DP33: - | DQ33: - | DR33: - | DS33: - | DT33: - | DU33: - | DV33: - | DW33: - | DX33: - | DY33: - | DZ33: - | EA33: - | EB33: - | EC33: - | ED33: - | EE33: - | EF33: - | EG33: - | EH33: - | EI33: - | EJ33: - | EK33: - | EL33: - | EM33: 121512 | EN33: 3469 | EO33: - | EP33: - | EQ33: - | ER33: - | ES33: - | ET33: - | EU33: - | EV33: - | EW33: - | EX33: - | EY33: - | EZ33: - | FA33: - | FB33: - | FC33: - | FD33: - | FE33: - | FF33: 51339 | FG33: - | FH33: - | FI33: - | FJ33: - | FK33: 1985412 | FL33: 14248929 | FM33: - | FN33: - | FO33: - | FP33: - | FQ33: - | FR33: - | FS33: - | FT33: - | FU33: - | FV33: - | FW33: - | FX33: 198448 | FY33: 5877 | FZ33: 353834 | GA33: 2375 | GB33: 151192 | GC33: 1278369 | GD33: 141878 | GE33: - | GF33: 584874 | GG33: 112991163 | GH33: 73687116 | GI33: - | GJ33: - | GK33: 21393698 | GL33: -1332426 | GM33: 30419 | GN33: - | GO33: 93778807 | GP33: 206769970 | GQ33: 509273 | GR33: - | GS33: - | GT33: 509273 | GU33: - | GV33: - | GW33: - | GX33: - | GY33: - | GZ33: 206260697 | HA33: 206769970
B34: 29 | C34: Hasil Pemeliharaan Hewan Lainnya | D34: - | E34: - | F34: - | G34: - | H34: - | I34: - | J34: - | K34: - | L34: - | M34: - | N34: - | O34: - | P34: - | Q34: - | R34: - | S34: - | T34: - | U34: - | V34: - | W34: - | X34: - | Y34: - | Z34: - | AA34: - | AB34: - | AC34: - | AD34: - | AE34: - | AF34: 192580 | AG34: - | AH34: - | AI34: - | AJ34: 5578 | AK34: - | AL34: - | AM34: - | AN34: - | AO34: - | AP34: - | AQ34: - | AR34: - | AS34: - | AT34: - | AU34: - | AV34: - | AW34: - | AX34: - | AY34: - | AZ34: - | BA34: - | BB34: - | BC34: - | BD34: - | BE34: - | BF34: - | BG34: - | BH34: - | BI34: 4068 | BJ34: - | BK34: - | BL34: - | BM34: - | BN34: - | BO34: - | BP34: - | BQ34: - | BR34: - | BS34: - | BT34: - | BU34: - | BV34: 212 | BW34: - | BX34: - | BY34: - | BZ34: - | CA34: - | CB34: 198971 | CC34: - | CD34: - | CE34: - | CF34: - | CG34: - | CH34: - | CI34: - | CJ34: - | CK34: - | CL34: - | CM34: - | CN34: - | CO34: - | CP34: - | CQ34: - | CR34: - | CS34: - | CT34: - | CU34: - | CV34: - | CW34: - | CX34: - | CY34: - | CZ34: - | DA34: - | DB34: - | DC34: - | DD34: - | DE34: 4850 | DF34: - | DG34: - | DH34: - | DI34: - | DJ34: - | DK34: - | DL34: - | DM34: - | DN34: - | DO34: - | DP34: - | DQ34: - | DR34: - | DS34: - | DT34: - | DU34: - | DV34: - | DW34: - | DX34: - | DY34: - | DZ34: - | EA34: - | EB34: - | EC34: - | ED34: - | EE34: - | EF34: - | EG34: - | EH34: - | EI34: - | EJ34: - | EK34: - | EL34: - | EM34: - | EN34: - | EO34: - | EP34: - | EQ34: - | ER34: - | ES34: - | ET34: - | EU34: - | EV34: - | EW34: - | EX34: - | EY34: - | EZ34: - | FA34: - | FB34: - | FC34: - | FD34: - | FE34: - | FF34: - | FG34: - | FH34: - | FI34: - | FJ34: - | FK34: 32659 | FL34: 97283 | FM34: - | FN34: - | FO34: - | FP34: - | FQ34: - | FR34: - | FS34: - | FT34: - | FU34: - | FV34: - | FW34: - | FX34: - | FY34: - | FZ34: - | GA34: - | GB34: - | GC34: 15 | GD34: 844 | GE34: - | GF34: - | GG34: 537060 | GH34: 4793851 | GI34: - | GJ34: - | GK34: 7318401 | GL34: -1181946 | GM34: 6767473 | GN34: - | GO34: 17697779 | GP34: 18234839 | GQ34: 54147 | GR34: - | GS34: - | GT34: 54147 | GU34: - | GV34: - | GW34: - | GX34: - | GY34: - | GZ34: 18180692 | HA34: 18234839
B35: 30 | C35: Jasa Pertanian, Kehutanan dan Perikanan | D35: 3266986 | E35: 401306 | F35: 98573 | G35: 1160778 | H35: 68890 | I35: 165726 | J35: 134987 | K35: 163231 | L35: 531 | M35: 2618315 | N35: 197997 | O35: 526141 | P35: 1206489 | Q35: 13151 | R35: 522457 | S35: 2379210 | T35: 143809 | U35: 2851293 | V35: 895937 | W35: 13662328 | X35: 69080 | Y35: 226676 | Z35: 1016541 | AA35: 642175 | AB35: 61645 | AC35: 351713 | AD35: 115078 | AE35: 339032 | AF35: 397956 | AG35: 258932 | AH35: 1979227 | AI35: 939090 | AJ35: 1279045 | AK35: 301915 | AL35: 43219 | AM35: 78713 | AN35: - | AO35: - | AP35: - | AQ35: - | AR35: - | AS35: - | AT35: - | AU35: - | AV35: - | AW35: - | AX35: - | AY35: - | AZ35: - | BA35: - | BB35: - | BC35: - | BD35: - | BE35: - | BF35: - | BG35: - | BH35: - | BI35: - | BJ35: - | BK35: - | BL35: - | BM35: - | BN35: - | BO35: - | BP35: - | BQ35: - | BR35: - | BS35: - | BT35: - | BU35: - | BV35: - | BW35: - | BX35: - | BY35: - | BZ35: - | CA35: - | CB35: - | CC35: - | CD35: - | CE35: - | CF35: - | CG35: - | CH35: - | CI35: - | CJ35: - | CK35: - | CL35: - | CM35: - | CN35: - | CO35: - | CP35: - | CQ35: - | CR35: - | CS35: - | CT35: - | CU35: - | CV35: - | CW35: - | CX35: - | CY35: - | CZ35: - | DA35: - | DB35: - | DC35: - | DD35: - | DE35: - | DF35: - | DG35: - | DH35: - | DI35: - | DJ35: - | DK35: - | DL35: - | DM35: - | DN35: - | DO35: - | DP35: - | DQ35: - | DR35: - | DS35: - | DT35: - | DU35: - | DV35: - | DW35: - | DX35: - | DY35: - | DZ35: - | EA35: - | EB35: - | EC35: - | ED35: - | EE35: - | EF35: - | EG35: - | EH35: - | EI35: - | EJ35: - | EK35: - | EL35: - | EM35: - | EN35: - | EO35: - | EP35: - | EQ35: - | ER35: - | ES35: - | ET35: - | EU35: 933 | EV35: - | EW35: - | EX35: - | EY35: - | EZ35: - | FA35: - | FB35: - | FC35: - | FD35: - | FE35: - | FF35: - | FG35: - | FH35: - | FI35: - | FJ35: - | FK35: - | FL35: - | FM35: - | FN35: - | FO35: - | FP35: - | FQ35: - | FR35: - | FS35: - | FT35: - | FU35: - | FV35: - | FW35: - | FX35: 10752 | FY35: - | FZ35: - | GA35: - | GB35: - | GC35: - | GD35: - | GE35: - | GF35: - | GG35: 38589857 | GH35: 378577 | GI35: - | GJ35: - | GK35: - | GL35: - | GM35: - | GN35: - | GO35: 378577 | GP35: 38968434 | GQ35: - | GR35: - | GS35: - | GT35: - | GU35: - | GV35: - | GW35: - | GX35: - | GY35: - | GZ35: 38968434 | HA35: 38968434
B36: 31 | C36: Kayu | D36: - | E36: - | F36: - | G36: - | H36: - | I36: - | J36: - | K36: - | L36: - | M36: 4132 | N36: - | O36: - | P36: 22734 | Q36: - | R36: - | S36: 29798 | T36: - | U36: - | V36: - | W36: - | X36: - | Y36: - | Z36: - | AA36: - | AB36: - | AC36: 65232 | AD36: 464 | AE36: 3363 | AF36: 4973 | AG36: 23 | AH36: 1435 | AI36: 287 | AJ36: 15958 | AK36: 2102 | AL36: 379 | AM36: 171 | AN36: - | AO36: - | AP36: - | AQ36: - | AR36: - | AS36: - | AT36: - | AU36: - | AV36: - | AW36: - | AX36: - | AY36: - | AZ36: - | BA36: - | BB36: - | BC36: - | BD36: 1250 | BE36: 87 | BF36: 3942 | BG36: 17026 | BH36: 41382 | BI36: 18971 | BJ36: 1302 | BK36: 69391 | BL36: 5758 | BM36: - | BN36: - | BO36: - | BP36: - | BQ36: - | BR36: - | BS36: - | BT36: - | BU36: 222061 | BV36: 14042 | BW36: - | BX36: - | BY36: - | BZ36: - | CA36: - | CB36: 97 | CC36: - | CD36: - | CE36: - | CF36: - | CG36: 494 | CH36: - | CI36: - | CJ36: - | CK36: 5943749 | CL36: 16087213 | CM36: 10568624 | CN36: 4185141 | CO36: 7316875 | CP36: 4150626 | CQ36: 5364588 | CR36: - | CS36: - | CT36: - | CU36: - | CV36: - | CW36: - | CX36: - | CY36: - | CZ36: - | DA36: - | DB36: - | DC36: - | DD36: - | DE36: 1507 | DF36: - | DG36: - | DH36: - | DI36: - | DJ36: - | DK36: - | DL36: - | DM36: - | DN36: - | DO36: - | DP36: - | DQ36: - | DR36: - | DS36: - | DT36: - | DU36: - | DV36: - | DW36: - | DX36: - | DY36: - | DZ36: - | EA36: - | EB36: - | EC36: - | ED36: - | EE36: 35659 | EF36: - | EG36: - | EH36: - | EI36: - | EJ36: 1785360 | EK36: 11081 | EL36: 231345 | EM36: 51294 | EN36: 30153 | EO36: - | EP36: 71417 | EQ36: 547 | ER36: - | ES36: - | ET36: - | EU36: - | EV36: 12121089 | EW36: 2507577 | EX36: 794562 | EY36: 2941072 | EZ36: 26934820 | FA36: - | FB36: - | FC36: - | FD36: - | FE36: - | FF36: - | FG36: - | FH36: - | FI36: - | FJ36: - | FK36: 2880 | FL36: 11322 | FM36: 80891 | FN36: - | FO36: - | FP36: - | FQ36: - | FR36: - | FS36: - | FT36: - | FU36: - | FV36: - | FW36: 12379 | FX36: 918 | FY36: - | FZ36: 104 | GA36: - | GB36: 3216 | GC36: - | GD36: 1424 | GE36: - | GF36: - | GG36: 101794287 | GH36: 1075744 | GI36: - | GJ36: - | GK36: - | GL36: 5644552 | GM36: 1363830 | GN36: - | GO36: 8084126 | GP36: 109878413 | GQ36: 513352 | GR36: - | GS36: - | GT36: 513352 | GU36: - | GV36: - | GW36: - | GX36: - | GY36: - | GZ36: 109365061 | HA36: 109878413
B37: 32 | C37: Hasil Hutan Lainnya | D37: 2540 | E37: 3563 | F37: 1180 | G37: 1846 | H37: 170 | I37: 327 | J37: 237 | K37: 430 | L37: - | M37: 3170 | N37: 2341 | O37: - | P37: 3080 | Q37: - | R37: 1284 | S37: 1021 | T37: 77 | U37: 768 | V37: 3452 | W37: 19571 | X37: 707 | Y37: 709 | Z37: 4348 | AA37: 4576 | AB37: 2211 | AC37: 57295 | AD37: 329 | AE37: - | AF37: - | AG37: 8005 | AH37: 722 | AI37: 111624 | AJ37: 12137 | AK37: 5923 | AL37: 502 | AM37: 2775 | AN37: - | AO37: - | AP37: - | AQ37: - | AR37: - | AS37: - | AT37: - | AU37: - | AV37: - | AW37: - | AX37: - | AY37: - | AZ37: - | BA37: - | BB37: - | BC37: - | BD37: - | BE37: - | BF37: - | BG37: - | BH37: - | BI37: 4355 | BJ37: - | BK37: - | BL37: - | BM37: - | BN37: - | BO37: - | BP37: - | BQ37: - | BR37: - | BS37: - | BT37: - | BU37: - | BV37: 26129 | BW37: - | BX37: - | BY37: 54 | BZ37: 8425 | CA37: - | CB37: 130 | CC37: - | CD37: - | CE37: 1797 | CF37: - | CG37: - | CH37: 413 | CI37: 16094 | CJ37: 107396 | CK37: 5450257 | CL37: - | CM37: - | CN37: - | CO37: 1938208 | CP37: 962234 | CQ37: 1633385 | CR37: - | CS37: 20955 | CT37: - | CU37: - | CV37: - | CW37: 456810 | CX37: - | CY37: 90562 | CZ37: 15230 | DA37: 52546 | DB37: 119066 | DC37: 508970 | DD37: 1130 | DE37: 71756 | DF37: - | DG37: - | DH37: 3132 | DI37: 16157 | DJ37: - | DK37: 33855 | DL37: - | DM37: - | DN37: - | DO37: - | DP37: 298 | DQ37: - | DR37: 178069 | DS37: 402570 | DT37: - | DU37: - | DV37: - | DW37: - | DX37: - | DY37: - | DZ37: - | EA37: - | EB37: - | EC37: - | ED37: - | EE37: - | EF37: - | EG37: - | EH37: - | EI37: 12444 | EJ37: 1060200 | EK37: 4971 | EL37: 4751 | EM37: 14064 | EN37: 10410 | EO37: - | EP37: 233520 | EQ37: - | ER37: - | ES37: - | ET37: - | EU37: - | EV37: 18518908 | EW37: 3299008 | EX37: 827367 | EY37: 2472208 | EZ37: 9175375 | FA37: - | FB37: - | FC37: - | FD37: - | FE37: - | FF37: - | FG37: - | FH37: - | FI37: - | FJ37: - | FK37: 3946 | FL37: 50385 | FM37: - | FN37: - | FO37: - | FP37: - | FQ37: - | FR37: - | FS37: - | FT37: - | FU37: - | FV37: - | FW37: - | FX37: 96 | FY37: 4 | FZ37: 184905 | GA37: - | GB37: 2362 | GC37: 3416 | GD37: 593 | GE37: - | GF37: - | GG37: 48255836 | GH37: 223669 | GI37: - | GJ37: - | GK37: - | GL37: 2244777 | GM37: 4414565 | GN37: - | GO37: 6883011 | GP37: 55138847 | GQ37: 504370 | GR37: - | GS37: - | GT37: 504370 | GU37: - | GV37: - | GW37: - | GX37: - | GY37: - | GZ37: 54634477 | HA37: 55138847
B38: 33 | C38: Ikan | D38: - | E38: - | F38: - | G38: - | H38: - | I38: - | J38: - | K38: - | L38: - | M38: - | N38: - | O38: - | P38: - | Q38: - | R38: - | S38: - | T38: - | U38: - | V38: - | W38: - | X38: - | Y38: - | Z38: - | AA38: - | AB38: - | AC38: - | AD38: 3227 | AE38: 161052 | AF38: - | AG38: 4566 | AH38: - | AI38: - | AJ38: 2614875 | AK38: 186083 | AL38: 50603 | AM38: - | AN38: - | AO38: - | AP38: - | AQ38: - | AR38: - | AS38: - | AT38: - | AU38: - | AV38: - | AW38: - | AX38: - | AY38: - | AZ38: - | BA38: - | BB38: - | BC38: - | BD38: - | BE38: - | BF38: 12745427 | BG38: 27223587 | BH38: - | BI38: 68924 | BJ38: - | BK38: - | BL38: - | BM38: - | BN38: - | BO38: - | BP38: - | BQ38: - | BR38: 947 | BS38: - | BT38: - | BU38: 100186 | BV38: 6974034 | BW38: - | BX38: - | BY38: - | BZ38: - | CA38: - | CB38: - | CC38: - | CD38: - | CE38: - | CF38: - | CG38: - | CH38: - | CI38: - | CJ38: - | CK38: - | CL38: - | CM38: - | CN38: - | CO38: - | CP38: - | CQ38: - | CR38: - | CS38: - | CT38: - | CU38: - | CV38: - | CW38: - | CX38: - | CY38: - | CZ38: - | DA38: - | DB38: 84159 | DC38: 6270 | DD38: - | DE38: 173515 | DF38: - | DG38: - | DH38: - | DI38: - | DJ38: - | DK38: - | DL38: - | DM38: - | DN38: - | DO38: - | DP38: - | DQ38: - | DR38: - | DS38: - | DT38: - | DU38: - | DV38: - | DW38: - | DX38: - | DY38: - | DZ38: - | EA38: - | EB38: - | EC38: - | ED38: - | EE38: - | EF38: - | EG38: - | EH38: - | EI38: - | EJ38: - | EK38: - | EL38: - | EM38: - | EN38: - | EO38: - | EP38: - | EQ38: - | ER38: - | ES38: - | ET38: - | EU38: - | EV38: - | EW38: - | EX38: - | EY38: - | EZ38: - | FA38: - | FB38: - | FC38: - | FD38: - | FE38: - | FF38: 1233806 | FG38: - | FH38: - | FI38: - | FJ38: - | FK38: 2307925 | FL38: 18412176 | FM38: - | FN38: - | FO38: - | FP38: - | FQ38: - | FR38: - | FS38: - | FT38: - | FU38: - | FV38: - | FW38: - | FX38: 349903 | FY38: 21333 | FZ38: 973209 | GA38: 7837 | GB38: 173569 | GC38: 3192370 | GD38: 938788 | GE38: - | GF38: 630871 | GG38: 78639242 | GH38: 222567246 | GI38: - | GJ38: - | GK38: 2467113 | GL38: -1141104 | GM38: 3710104 | GN38: - | GO38: 227603359 | GP38: 306242601 | GQ38: 433603 | GR38: - | GS38: - | GT38: 433603 | GU38: - | GV38: - | GW38: - | GX38: - | GY38: - | GZ38: 305808998 | HA38: 306242601
B39: 34 | C39: Udang dan crustacea lainnya | D39: - | E39: - | F39: - | G39: - | H39: - | I39: - | J39: - | K39: - | L39: - | M39: - | N39: - | O39: - | P39: - | Q39: - | R39: - | S39: - | T39: - | U39: - | V39: - | W39: - | X39: - | Y39: - | Z39: - | AA39: - | AB39: - | AC39: - | AD39: 1652 | AE39: 133571 | AF39: - | AG39: 10087 | AH39: - | AI39: - | AJ39: - | AK39: 2050426 | AL39: 21222 | AM39: - | AN39: - | AO39: - | AP39: - | AQ39: - | AR39: - | AS39: - | AT39: - | AU39: - | AV39: - | AW39: - | AX39: - | AY39: - | AZ39: - | BA39: - | BB39: - | BC39: - | BD39: - | BE39: - | BF39: 1066429 | BG39: 3433508 | BH39: - | BI39: 9100 | BJ39: - | BK39: - | BL39: - | BM39: - | BN39: - | BO39: - | BP39: - | BQ39: - | BR39: - | BS39: - | BT39: - | BU39: - | BV39: 867876 | BW39: - | BX39: - | BY39: - | BZ39: - | CA39: - | CB39: - | CC39: - | CD39: - | CE39: - | CF39: - | CG39: - | CH39: - | CI39: - | CJ39: - | CK39: - | CL39: - | CM39: - | CN39: - | CO39: - | CP39: - | CQ39: - | CR39: - | CS39: - | CT39: - | CU39: - | CV39: - | CW39: - | CX39: - | CY39: - | CZ39: - | DA39: - | DB39: - | DC39: - | DD39: - | DE39: - | DF39: - | DG39: - | DH39: - | DI39: - | DJ39: - | DK39: - | DL39: - | DM39: - | DN39: - | DO39: - | DP39: - | DQ39: - | DR39: - | DS39: - | DT39: - | DU39: - | DV39: - | DW39: - | DX39: - | DY39: - | DZ39: - | EA39: - | EB39: - | EC39: - | ED39: - | EE39: - | EF39: - | EG39: - | EH39: - | EI39: - | EJ39: - | EK39: - | EL39: - | EM39: - | EN39: - | EO39: - | EP39: - | EQ39: - | ER39: - | ES39: - | ET39: - | EU39: - | EV39: - | EW39: - | EX39: - | EY39: - | EZ39: - | FA39: - | FB39: - | FC39: - | FD39: - | FE39: - | FF39: - | FG39: - | FH39: - | FI39: - | FJ39: - | FK39: 851500 | FL39: 14546263 | FM39: - | FN39: - | FO39: - | FP39: - | FQ39: - | FR39: - | FS39: - | FT39: - | FU39: - | FV39: - | FW39: - | FX39: - | FY39: 161513 | FZ39: 116262 | GA39: - | GB39: 38195 | GC39: 1164596 | GD39: 693202 | GE39: - | GF39: 53705 | GG39: 25219107 | GH39: 42776455 | GI39: - | GJ39: - | GK39: 218602 | GL39: 434806 | GM39: 3047471 | GN39: - | GO39: 46477334 | GP39: 71696441 | GQ39: 91901 | GR39: - | GS39: - | GT39: 91901 | GU39: - | GV39: - | GW39: - | GX39: - | GY39: - | GZ39: 71604540 | HA39: 71696441
B40: 35 | C40: Biota air lainnya | D40: - | E40: - | F40: - | G40: - | H40: - | I40: - | J40: - | K40: - | L40: - | M40: - | N40: - | O40: - | P40: - | Q40: - | R40: - | S40: - | T40: - | U40: - | V40: - | W40: - | X40: - | Y40: - | Z40: - | AA40: - | AB40: - | AC40: - | AD40: - | AE40: - | AF40: - | AG40: 2060 | AH40: - | AI40: - | AJ40: - | AK40: 138 | AL40: 431794 | AM40: - | AN40: - | AO40: - | AP40: - | AQ40: - | AR40: - | AS40: - | AT40: - | AU40: - | AV40: - | AW40: - | AX40: - | AY40: - | AZ40: - | BA40: - | BB40: - | BC40: - | BD40: - | BE40: - | BF40: 323329 | BG40: 774412 | BH40: - | BI40: 1812 | BJ40: - | BK40: - | BL40: - | BM40: - | BN40: - | BO40: - | BP40: - | BQ40: - | BR40: - | BS40: - | BT40: - | BU40: - | BV40: 164244 | BW40: - | BX40: - | BY40: - | BZ40: - | CA40: - | CB40: - | CC40: - | CD40: - | CE40: - | CF40: - | CG40: - | CH40: - | CI40: - | CJ40: - | CK40: - | CL40: - | CM40: - | CN40: - | CO40: - | CP40: - | CQ40: - | CR40: - | CS40: - | CT40: - | CU40: - | CV40: - | CW40: - | CX40: - | CY40: - | CZ40: - | DA40: - | DB40: 81 | DC40: 52178 | DD40: - | DE40: 12378 | DF40: - | DG40: - | DH40: - | DI40: - | DJ40: - | DK40: - | DL40: - | DM40: - | DN40: - | DO40: - | DP40: - | DQ40: - | DR40: - | DS40: - | DT40: - | DU40: - | DV40: - | DW40: - | DX40: - | DY40: - | DZ40: - | EA40: - | EB40: - | EC40: - | ED40: - | EE40: - | EF40: - | EG40: - | EH40: - | EI40: - | EJ40: - | EK40: 1456727 | EL40: - | EM40: - | EN40: - | EO40: - | EP40: - | EQ40: - | ER40: - | ES40: - | ET40: - | EU40: - | EV40: - | EW40: - | EX40: - | EY40: - | EZ40: - | FA40: - | FB40: - | FC40: - | FD40: - | FE40: - | FF40: - | FG40: - | FH40: - | FI40: - | FJ40: - | FK40: 80764 | FL40: 1149458 | FM40: - | FN40: - | FO40: - | FP40: - | FQ40: - | FR40: - | FS40: - | FT40: - | FU40: - | FV40: - | FW40: - | FX40: 330 | FY40: 14513 | FZ40: 13797 | GA40: - | GB40: - | GC40: 2423 | GD40: 9219 | GE40: - | GF40: - | GG40: 4489657 | GH40: 8001874 | GI40: - | GJ40: - | GK40: - | GL40: 28 | GM40: 696566 | GN40: - | GO40: 8698468 | GP40: 13188125 | GQ40: 6285 | GR40: - | GS40: - | GT40: 6285 | GU40: - | GV40: - | GW40: - | GX40: - | GY40: - | GZ40: 13181840 | HA40: 13188125
B41: 36 | C41: Rumput laut dan sejenisnya | D41: - | E41: - | F41: - | G41: - | H41: - | I41: - | J41: - | K41: - | L41: - | M41: - | N41: - | O41: - | P41: - | Q41: - | R41: - | S41: - | T41: - | U41: - | V41: - | W41: - | X41: - | Y41: - | Z41: - | AA41: - | AB41: - | AC41: - | AD41: - | AE41: - | AF41: - | AG41: 61430 | AH41: - | AI41: - | AJ41: 26937 | AK41: 50094 | AL41: 10701 | AM41: 5774875 | AN41: - | AO41: - | AP41: - | AQ41: - | AR41: - | AS41: - | AT41: - | AU41: - | AV41: - | AW41: - | AX41: - | AY41: - | AZ41: - | BA41: - | BB41: - | BC41: - | BD41: - | BE41: - | BF41: 9350580 | BG41: 16793996 | BH41: - | BI41: 67434 | BJ41: - | BK41: - | BL41: - | BM41: - | BN41: - | BO41: - | BP41: - | BQ41: - | BR41: - | BS41: - | BT41: - | BU41: - | BV41: 4976552 | BW41: - | BX41: - | BY41: - | BZ41: - | CA41: - | CB41: - | CC41: - | CD41: - | CE41: - | CF41: - | CG41: - | CH41: - | CI41: - | CJ41: - | CK41: - | CL41: - | CM41: - | CN41: - | CO41: - | CP41: - | CQ41: - | CR41: - | CS41: - | CT41: - | CU41: - | CV41: - | CW41: 209391 | CX41: - | CY41: - | CZ41: - | DA41: 92225 | DB41: 2833347 | DC41: 159305 | DD41: - | DE41: 65675 | DF41: - | DG41: - | DH41: - | DI41: - | DJ41: - | DK41: - | DL41: - | DM41: - | DN41: - | DO41: - | DP41: - | DQ41: - | DR41: - | DS41: - | DT41: - | DU41: - | DV41: - | DW41: - | DX41: - | DY41: - | DZ41: - | EA41: - | EB41: - | EC41: - | ED41: - | EE41: - | EF41: - | EG41: - | EH41: - | EI41: - | EJ41: - | EK41: - | EL41: - | EM41: - | EN41: - | EO41: - | EP41: - | EQ41: - | ER41: - | ES41: - | ET41: - | EU41: - | EV41: - | EW41: - | EX41: - | EY41: - | EZ41: - | FA41: - | FB41: - | FC41: - | FD41: - | FE41: - | FF41: - | FG41: - | FH41: - | FI41: - | FJ41: - | FK41: 657642 | FL41: 13111618 | FM41: - | FN41: - | FO41: - | FP41: - | FQ41: - | FR41: - | FS41: - | FT41: - | FU41: - | FV41: - | FW41: - | FX41: 29 | FY41: 2 | FZ41: 59798 | GA41: - | GB41: - | GC41: 61126 | GD41: 99261 | GE41: - | GF41: - | GG41: 54462018 | GH41: 29238 | GI41: - | GJ41: - | GK41: - | GL41: 120 | GM41: 2211245 | GN41: - | GO41: 2240603 | GP41: 56702621 | GQ41: 93733 | GR41: - | GS41: - | GT41: 93733 | GU41: - | GV41: - | GW41: - | GX41: - | GY41: - | GZ41: 56608888 | HA41: 56702621
B42: 37 | C42: Batubara dan lignit | D42: - | E42: - | F42: - | G42: - | H42: - | I42: - | J42: - | K42: - | L42: - | M42: - | N42: - | O42: - | P42: - | Q42: - | R42: - | S42: - | T42: - | U42: - | V42: - | W42: - | X42: - | Y42: - | Z42: - | AA42: - | AB42: - | AC42: - | AD42: - | AE42: - | AF42: - | AG42: - | AH42: - | AI42: - | AJ42: - | AK42: - | AL42: - | AM42: - | AN42: 15293774 | AO42: 1236 | AP42: 700 | AQ42: - | AR42: - | AS42: - | AT42: - | AU42: - | AV42: - | AW42: - | AX42: - | AY42: - | AZ42: - | BA42: - | BB42: - | BC42: - | BD42: - | BE42: - | BF42: - | BG42: - | BH42: - | BI42: - | BJ42: - | BK42: - | BL42: - | BM42: - | BN42: - | BO42: - | BP42: - | BQ42: - | BR42: - | BS42: - | BT42: - | BU42: - | BV42: - | BW42: - | BX42: - | BY42: - | BZ42: - | CA42: - | CB42: 606576 | CC42: 1148596 | CD42: 68673 | CE42: 51068 | CF42: 46895 | CG42: 5200 | CH42: - | CI42: - | CJ42: - | CK42: - | CL42: - | CM42: - | CN42: 25785 | CO42: 2829630 | CP42: 2183429 | CQ42: 1858631 | CR42: - | CS42: 5027180 | CT42: 2457206 | CU42: 4875965 | CV42: 1142968 | CW42: 536386 | CX42: 93204 | CY42: 124 | CZ42: 51 | DA42: 67724 | DB42: 15617 | DC42: 364615 | DD42: 17847 | DE42: 4150 | DF42: 167056 | DG42: 200586 | DH42: 40846 | DI42: 371519 | DJ42: - | DK42: 106776 | DL42: 10209316 | DM42: 4411519 | DN42: 767054 | DO42: 319617 | DP42: 4908969 | DQ42: 33760 | DR42: 177826 | DS42: 798669 | DT42: - | DU42: - | DV42: - | DW42: - | DX42: - | DY42: - | DZ42: - | EA42: - | EB42: - | EC42: 2380 | ED42: - | EE42: - | EF42: - | EG42: - | EH42: - | EI42: - | EJ42: 609 | EK42: - | EL42: 2767 | EM42: 953 | EN42: - | EO42: - | EP42: - | EQ42: - | ER42: 130363334 | ES42: - | ET42: - | EU42: 8847 | EV42: - | EW42: - | EX42: - | EY42: - | EZ42: - | FA42: - | FB42: - | FC42: - | FD42: - | FE42: - | FF42: - | FG42: - | FH42: - | FI42: - | FJ42: - | FK42: 8 | FL42: - | FM42: - | FN42: - | FO42: - | FP42: - | FQ42: - | FR42: - | FS42: - | FT42: - | FU42: - | FV42: - | FW42: - | FX42: - | FY42: - | FZ42: - | GA42: - | GB42: - | GC42: - | GD42: - | GE42: - | GF42: - | GG42: 191615641 | GH42: - | GI42: - | GJ42: - | GK42: - | GL42: -2891753 | GM42: 262991701 | GN42: - | GO42: 260099948 | GP42: 451715589 | GQ42: 13757430 | GR42: - | GS42: - | GT42: 13757430 | GU42: - | GV42: - | GW42: - | GX42: - | GY42: - | GZ42: 437958159 | HA42: 451715589
B43: 38 | C43: Minyak Bumi | D43: - | E43: - | F43: - | G43: - | H43: - | I43: - | J43: - | K43: - | L43: - | M43: - | N43: - | O43: - | P43: - | Q43: - | R43: - | S43: - | T43: - | U43: - | V43: - | W43: - | X43: - | Y43: - | Z43: - | AA43: - | AB43: - | AC43: - | AD43: - | AE43: - | AF43: - | AG43: - | AH43: - | AI43: - | AJ43: - | AK43: - | AL43: - | AM43: - | AN43: - | AO43: 976443 | AP43: 1045547 | AQ43: - | AR43: - | AS43: - | AT43: - | AU43: - | AV43: - | AW43: - | AX43: - | AY43: - | AZ43: - | BA43: - | BB43: 4427 | BC43: - | BD43: - | BE43: - | BF43: - | BG43: - | BH43: - | BI43: - | BJ43: - | BK43: - | BL43: - | BM43: - | BN43: - | BO43: - | BP43: - | BQ43: - | BR43: - | BS43: - | BT43: - | BU43: - | BV43: - | BW43: - | BX43: - | BY43: - | BZ43: - | CA43: - | CB43: - | CC43: - | CD43: - | CE43: - | CF43: - | CG43: - | CH43: - | CI43: - | CJ43: - | CK43: - | CL43: - | CM43: - | CN43: - | CO43: - | CP43: - | CQ43: - | CR43: - | CS43: - | CT43: 216406647 | CU43: 34333359 | CV43: 86505 | CW43: 7073926 | CX43: 86816 | CY43: - | CZ43: - | DA43: - | DB43: - | DC43: 1385458 | DD43: - | DE43: - | DF43: - | DG43: 1922 | DH43: - | DI43: - | DJ43: - | DK43: - | DL43: - | DM43: - | DN43: - | DO43: - | DP43: - | DQ43: - | DR43: - | DS43: - | DT43: - | DU43: - | DV43: - | DW43: - | DX43: - | DY43: - | DZ43: - | EA43: - | EB43: - | EC43: - | ED43: - | EE43: - | EF43: - | EG43: - | EH43: - | EI43: - | EJ43: - | EK43: - | EL43: - | EM43: - | EN43: - | EO43: - | EP43: - | EQ43: - | ER43: - | ES43: - | ET43: - | EU43: - | EV43: - | EW43: - | EX43: - | EY43: - | EZ43: - | FA43: - | FB43: - | FC43: - | FD43: - | FE43: - | FF43: - | FG43: - | FH43: - | FI43: - | FJ43: - | FK43: - | FL43: - | FM43: - | FN43: - | FO43: - | FP43: - | FQ43: - | FR43: - | FS43: - | FT43: - | FU43: - | FV43: - | FW43: - | FX43: - | FY43: - | FZ43: - | GA43: - | GB43: - | GC43: - | GD43: - | GE43: - | GF43: - | GG43: 261401050 | GH43: - | GI43: - | GJ43: - | GK43: - | GL43: -8629401 | GM43: 20097961 | GN43: - | GO43: 11468560 | GP43: 272869610 | GQ43: 51369006 | GR43: - | GS43: - | GT43: 51369006 | GU43: - | GV43: - | GW43: - | GX43: - | GY43: - | GZ43: 221500604 | HA43: 272869610
B44: 39 | C44: Gas Bumi dan Panas Bumi | D44: - | E44: - | F44: - | G44: - | H44: - | I44: - | J44: - | K44: - | L44: - | M44: - | N44: - | O44: - | P44: - | Q44: - | R44: - | S44: - | T44: - | U44: - | V44: - | W44: - | X44: - | Y44: - | Z44: - | AA44: - | AB44: - | AC44: - | AD44: - | AE44: - | AF44: - | AG44: - | AH44: - | AI44: - | AJ44: - | AK44: - | AL44: - | AM44: - | AN44: 312287 | AO44: 2472200 | AP44: 34589171 | AQ44: 13806 | AR44: 44036 | AS44: 28858 | AT44: 212604 | AU44: 25284 | AV44: 18726 | AW44: 350382 | AX44: 7270 | AY44: - | AZ44: 176 | BA44: - | BB44: 295017 | BC44: 112203 | BD44: - | BE44: - | BF44: - | BG44: - | BH44: - | BI44: - | BJ44: - | BK44: - | BL44: - | BM44: - | BN44: - | BO44: 91 | BP44: - | BQ44: 303 | BR44: 284 | BS44: - | BT44: - | BU44: - | BV44: - | BW44: - | BX44: - | BY44: 6644 | BZ44: 79847 | CA44: 5323 | CB44: 82335 | CC44: 131500 | CD44: 11543 | CE44: 17157 | CF44: 24406 | CG44: 133865 | CH44: - | CI44: 9543 | CJ44: 129862 | CK44: 38103 | CL44: 81126 | CM44: 46305 | CN44: 17361 | CO44: 73098 | CP44: 84945 | CQ44: 125066 | CR44: - | CS44: 665965 | CT44: 16967814 | CU44: 4463412 | CV44: 7192703 | CW44: 2409482 | CX44: 163685 | CY44: 59288 | CZ44: 2532 | DA44: 57558 | DB44: 119294 | DC44: 133483 | DD44: 86963 | DE44: 31985 | DF44: 1832 | DG44: 108808 | DH44: - | DI44: 301113 | DJ44: 3073172 | DK44: 3369251 | DL44: 1018923 | DM44: 10762563 | DN44: 1400841 | DO44: 333392 | DP44: 698423 | DQ44: 47781 | DR44: 251360 | DS44: 541166 | DT44: - | DU44: - | DV44: - | DW44: - | DX44: - | DY44: 9853 | DZ44: 79 | EA44: 3637 | EB44: - | EC44: 598 | ED44: 179228 | EE44: 24278 | EF44: 3303 | EG44: - | EH44: 1489 | EI44: 6668 | EJ44: 1762 | EK44: - | EL44: 2188 | EM44: 908 | EN44: - | EO44: - | EP44: - | EQ44: - | ER44: 58979054 | ES44: 11756543 | ET44: 168263 | EU44: 15829 | EV44: - | EW44: - | EX44: - | EY44: - | EZ44: - | FA44: - | FB44: - | FC44: - | FD44: - | FE44: 755261 | FF44: 1474826 | FG44: 185016 | FH44: - | FI44: 139476 | FJ44: - | FK44: - | FL44: 445 | FM44: - | FN44: - | FO44: - | FP44: - | FQ44: - | FR44: - | FS44: - | FT44: - | FU44: - | FV44: - | FW44: - | FX44: 2770898 | FY44: - | FZ44: 53689 | GA44: - | GB44: 20 | GC44: - | GD44: - | GE44: - | GF44: - | GG44: 170376827 | GH44: - | GI44: - | GJ44: - | GK44: - | GL44: 1331309 | GM44: 78795709 | GN44: - | GO44: 80127018 | GP44: 250503845 | GQ44: 202 | GR44: - | GS44: - | GT44: 202 | GU44: - | GV44: - | GW44: - | GX44: - | GY44: - | GZ44: 250503643 | HA44: 250503845
B45: 40 | C45: Pasir besi dan bijih besi | D45: - | E45: - | F45: - | G45: - | H45: - | I45: - | J45: - | K45: - | L45: - | M45: - | N45: - | O45: - | P45: - | Q45: - | R45: - | S45: - | T45: - | U45: - | V45: - | W45: - | X45: - | Y45: - | Z45: - | AA45: - | AB45: - | AC45: - | AD45: - | AE45: - | AF45: - | AG45: - | AH45: - | AI45: - | AJ45: - | AK45: - | AL45: - | AM45: - | AN45: - | AO45: - | AP45: - | AQ45: 803 | AR45: - | AS45: - | AT45: - | AU45: - | AV45: - | AW45: - | AX45: - | AY45: - | AZ45: - | BA45: - | BB45: - | BC45: - | BD45: - | BE45: - | BF45: - | BG45: - | BH45: - | BI45: - | BJ45: - | BK45: - | BL45: - | BM45: - | BN45: - | BO45: - | BP45: - | BQ45: - | BR45: - | BS45: - | BT45: - | BU45: - | BV45: - | BW45: - | BX45: - | BY45: - | BZ45: - | CA45: - | CB45: - | CC45: - | CD45: - | CE45: - | CF45: - | CG45: - | CH45: - | CI45: - | CJ45: - | CK45: - | CL45: - | CM45: - | CN45: - | CO45: - | CP45: - | CQ45: - | CR45: - | CS45: - | CT45: - | CU45: - | CV45: - | CW45: - | CX45: - | CY45: - | CZ45: - | DA45: - | DB45: - | DC45: - | DD45: - | DE45: - | DF45: - | DG45: - | DH45: - | DI45: - | DJ45: - | DK45: - | DL45: - | DM45: 11524606 | DN45: 1693 | DO45: 239388 | DP45: - | DQ45: - | DR45: - | DS45: - | DT45: - | DU45: - | DV45: - | DW45: - | DX45: - | DY45: - | DZ45: - | EA45: - | EB45: - | EC45: - | ED45: - | EE45: - | EF45: - | EG45: - | EH45: - | EI45: - | EJ45: - | EK45: - | EL45: - | EM45: - | EN45: - | EO45: - | EP45: - | EQ45: - | ER45: - | ES45: - | ET45: - | EU45: - | EV45: - | EW45: - | EX45: - | EY45: - | EZ45: - | FA45: - | FB45: - | FC45: - | FD45: - | FE45: - | FF45: - | FG45: - | FH45: - | FI45: - | FJ45: - | FK45: - | FL45: - | FM45: - | FN45: - | FO45: - | FP45: - | FQ45: - | FR45: - | FS45: - | FT45: - | FU45: - | FV45: - | FW45: - | FX45: - | FY45: - | FZ45: - | GA45: - | GB45: - | GC45: - | GD45: - | GE45: - | GF45: - | GG45: 11766490 | GH45: - | GI45: - | GJ45: - | GK45: - | GL45: 388564 | GM45: 1375916 | GN45: - | GO45: 1764480 | GP45: 13530970 | GQ45: 10376785 | GR45: - | GS45: - | GT45: 10376785 | GU45: - | GV45: - | GW45: - | GX45: - | GY45: - | GZ45: 3154185 | HA45: 13530970
B46: 41 | C46: Bijih Timah | D46: - | E46: - | F46: - | G46: - | H46: - | I46: - | J46: - | K46: - | L46: - | M46: - | N46: - | O46: - | P46: - | Q46: - | R46: - | S46: - | T46: - | U46: - | V46: - | W46: - | X46: - | Y46: - | Z46: - | AA46: - | AB46: - | AC46: - | AD46: - | AE46: - | AF46: - | AG46: - | AH46: - | AI46: - | AJ46: - | AK46: - | AL46: - | AM46: - | AN46: - | AO46: - | AP46: - | AQ46: - | AR46: 84227 | AS46: - | AT46: - | AU46: - | AV46: - | AW46: - | AX46: - | AY46: - | AZ46: - | BA46: - | BB46: - | BC46: - | BD46: - | BE46: - | BF46: - | BG46: - | BH46: - | BI46: - | BJ46: - | BK46: - | BL46: - | BM46: - | BN46: - | BO46: - | BP46: - | BQ46: - | BR46: - | BS46: - | BT46: - | BU46: - | BV46: - | BW46: - | BX46: - | BY46: - | BZ46: - | CA46: - | CB46: - | CC46: - | CD46: - | CE46: - | CF46: - | CG46: - | CH46: - | CI46: - | CJ46: - | CK46: - | CL46: - | CM46: - | CN46: - | CO46: - | CP46: - | CQ46: - | CR46: - | CS46: - | CT46: - | CU46: - | CV46: - | CW46: - | CX46: - | CY46: - | CZ46: - | DA46: - | DB46: - | DC46: - | DD46: - | DE46: - | DF46: - | DG46: - | DH46: - | DI46: - | DJ46: - | DK46: - | DL46: - | DM46: 12016618 | DN46: 3814420 | DO46: 470788 | DP46: - | DQ46: - | DR46: - | DS46: - | DT46: - | DU46: - | DV46: - | DW46: - | DX46: - | DY46: - | DZ46: - | EA46: - | EB46: - | EC46: - | ED46: - | EE46: - | EF46: - | EG46: - | EH46: - | EI46: - | EJ46: - | EK46: - | EL46: - | EM46: - | EN46: - | EO46: - | EP46: - | EQ46: - | ER46: - | ES46: - | ET46: - | EU46: - | EV46: - | EW46: - | EX46: - | EY46: - | EZ46: - | FA46: - | FB46: - | FC46: - | FD46: - | FE46: - | FF46: - | FG46: - | FH46: - | FI46: - | FJ46: - | FK46: - | FL46: - | FM46: - | FN46: - | FO46: - | FP46: - | FQ46: - | FR46: - | FS46: - | FT46: - | FU46: - | FV46: - | FW46: - | FX46: - | FY46: - | FZ46: - | GA46: - | GB46: - | GC46: - | GD46: - | GE46: - | GF46: - | GG46: 16386053 | GH46: - | GI46: - | GJ46: - | GK46: - | GL46: 13 | GM46: - | GN46: - | GO46: 13 | GP46: 16386066 | GQ46: 1195 | GR46: - | GS46: - | GT46: 1195 | GU46: - | GV46: - | GW46: - | GX46: - | GY46: - | GZ46: 16384871 | HA46: 16386066
B47: 42 | C47: Bijih Bauksit | D47: - | E47: - | F47: - | G47: - | H47: - | I47: - | J47: - | K47: - | L47: - | M47: - | N47: - | O47: - | P47: - | Q47: - | R47: - | S47: - | T47: - | U47: - | V47: - | W47: - | X47: - | Y47: - | Z47: - | AA47: - | AB47: - | AC47: - | AD47: - | AE47: - | AF47: - | AG47: - | AH47: - | AI47: - | AJ47: - | AK47: - | AL47: - | AM47: - | AN47: - | AO47: - | AP47: - | AQ47: - | AR47: - | AS47: 26460 | AT47: - | AU47: - | AV47: - | AW47: - | AX47: - | AY47: - | AZ47: - | BA47: - | BB47: - | BC47: - | BD47: - | BE47: - | BF47: - | BG47: - | BH47: - | BI47: - | BJ47: - | BK47: - | BL47: - | BM47: - | BN47: - | BO47: - | BP47: - | BQ47: - | BR47: - | BS47: - | BT47: - | BU47: - | BV47: - | BW47: - | BX47: - | BY47: - | BZ47: - | CA47: - | CB47: - | CC47: - | CD47: - | CE47: - | CF47: - | CG47: - | CH47: - | CI47: - | CJ47: - | CK47: - | CL47: - | CM47: - | CN47: - | CO47: - | CP47: - | CQ47: - | CR47: - | CS47: - | CT47: - | CU47: - | CV47: - | CW47: - | CX47: - | CY47: - | CZ47: - | DA47: - | DB47: - | DC47: - | DD47: - | DE47: - | DF47: - | DG47: - | DH47: - | DI47: - | DJ47: - | DK47: - | DL47: - | DM47: 777849 | DN47: 475506 | DO47: 20611 | DP47: - | DQ47: - | DR47: - | DS47: - | DT47: - | DU47: - | DV47: - | DW47: - | DX47: - | DY47: - | DZ47: - | EA47: - | EB47: - | EC47: - | ED47: - | EE47: - | EF47: - | EG47: - | EH47: - | EI47: - | EJ47: - | EK47: - | EL47: - | EM47: - | EN47: - | EO47: - | EP47: - | EQ47: - | ER47: - | ES47: - | ET47: - | EU47: - | EV47: - | EW47: - | EX47: - | EY47: - | EZ47: - | FA47: - | FB47: - | FC47: - | FD47: - | FE47: - | FF47: - | FG47: - | FH47: - | FI47: - | FJ47: - | FK47: - | FL47: - | FM47: - | FN47: - | FO47: - | FP47: - | FQ47: - | FR47: - | FS47: - | FT47: - | FU47: - | FV47: - | FW47: - | FX47: - | FY47: - | FZ47: - | GA47: - | GB47: - | GC47: - | GD47: - | GE47: - | GF47: - | GG47: 1300426 | GH47: - | GI47: - | GJ47: - | GK47: - | GL47: 48750 | GM47: 8132236 | GN47: - | GO47: 8180986 | GP47: 9481412 | GQ47: 13065 | GR47: - | GS47: - | GT47: 13065 | GU47: - | GV47: - | GW47: - | GX47: - | GY47: - | GZ47: 9468347 | HA47: 9481412
B48: 43 | C48: Bijih Tembaga | D48: - | E48: - | F48: - | G48: - | H48: - | I48: - | J48: - | K48: - | L48: - | M48: - | N48: - | O48: - | P48: - | Q48: - | R48: - | S48: - | T48: - | U48: - | V48: - | W48: - | X48: - | Y48: - | Z48: - | AA48: - | AB48: - | AC48: - | AD48: - | AE48: - | AF48: - | AG48: - | AH48: - | AI48: - | AJ48: - | AK48: - | AL48: - | AM48: - | AN48: - | AO48: - | AP48: - | AQ48: - | AR48: - | AS48: - | AT48: 288181 | AU48: - | AV48: - | AW48: - | AX48: - | AY48: - | AZ48: - | BA48: - | BB48: - | BC48: - | BD48: - | BE48: - | BF48: - | BG48: - | BH48: - | BI48: - | BJ48: - | BK48: - | BL48: - | BM48: - | BN48: - | BO48: - | BP48: - | BQ48: - | BR48: - | BS48: - | BT48: - | BU48: - | BV48: - | BW48: - | BX48: - | BY48: - | BZ48: - | CA48: - | CB48: - | CC48: - | CD48: - | CE48: - | CF48: - | CG48: - | CH48: - | CI48: - | CJ48: - | CK48: - | CL48: - | CM48: - | CN48: - | CO48: - | CP48: - | CQ48: - | CR48: - | CS48: - | CT48: - | CU48: - | CV48: - | CW48: - | CX48: - | CY48: - | CZ48: - | DA48: - | DB48: - | DC48: - | DD48: - | DE48: - | DF48: - | DG48: - | DH48: - | DI48: - | DJ48: - | DK48: - | DL48: - | DM48: 4450100 | DN48: 19271258 | DO48: 920252 | DP48: - | DQ48: - | DR48: - | DS48: - | DT48: - | DU48: - | DV48: - | DW48: - | DX48: - | DY48: - | DZ48: - | EA48: - | EB48: - | EC48: - | ED48: - | EE48: - | EF48: - | EG48: - | EH48: - | EI48: - | EJ48: - | EK48: 776 | EL48: - | EM48: - | EN48: - | EO48: - | EP48: - | EQ48: - | ER48: - | ES48: - | ET48: - | EU48: - | EV48: - | EW48: - | EX48: - | EY48: - | EZ48: - | FA48: - | FB48: - | FC48: - | FD48: - | FE48: - | FF48: - | FG48: - | FH48: - | FI48: - | FJ48: - | FK48: - | FL48: - | FM48: - | FN48: - | FO48: - | FP48: - | FQ48: - | FR48: - | FS48: - | FT48: - | FU48: - | FV48: - | FW48: - | FX48: - | FY48: - | FZ48: - | GA48: - | GB48: - | GC48: - | GD48: - | GE48: - | GF48: - | GG48: 24930567 | GH48: - | GI48: - | GJ48: - | GK48: - | GL48: 6 | GM48: 34724492 | GN48: - | GO48: 34724498 | GP48: 59655065 | GQ48: 5623 | GR48: - | GS48: - | GT48: 5623 | GU48: - | GV48: - | GW48: - | GX48: - | GY48: - | GZ48: 59649442 | HA48: 59655065
B49: 44 | C49: Bijih Nikel | D49: - | E49: - | F49: - | G49: - | H49: - | I49: - | J49: - | K49: - | L49: - | M49: - | N49: - | O49: - | P49: - | Q49: - | R49: - | S49: - | T49: - | U49: - | V49: - | W49: - | X49: - | Y49: - | Z49: - | AA49: - | AB49: - | AC49: - | AD49: - | AE49: - | AF49: - | AG49: - | AH49: - | AI49: - | AJ49: - | AK49: - | AL49: - | AM49: - | AN49: - | AO49: - | AP49: - | AQ49: - | AR49: - | AS49: - | AT49: - | AU49: 1139 | AV49: - | AW49: - | AX49: - | AY49: - | AZ49: - | BA49: - | BB49: - | BC49: - | BD49: - | BE49: - | BF49: - | BG49: - | BH49: - | BI49: - | BJ49: - | BK49: - | BL49: - | BM49: - | BN49: - | BO49: - | BP49: - | BQ49: - | BR49: - | BS49: - | BT49: - | BU49: - | BV49: - | BW49: - | BX49: - | BY49: - | BZ49: - | CA49: - | CB49: - | CC49: - | CD49: - | CE49: - | CF49: - | CG49: - | CH49: - | CI49: - | CJ49: - | CK49: - | CL49: - | CM49: - | CN49: - | CO49: - | CP49: - | CQ49: - | CR49: - | CS49: - | CT49: - | CU49: - | CV49: - | CW49: - | CX49: - | CY49: - | CZ49: - | DA49: - | DB49: - | DC49: - | DD49: - | DE49: - | DF49: - | DG49: - | DH49: - | DI49: - | DJ49: - | DK49: - | DL49: - | DM49: 3823749 | DN49: 2534696 | DO49: 95389 | DP49: - | DQ49: - | DR49: - | DS49: - | DT49: - | DU49: - | DV49: - | DW49: - | DX49: - | DY49: - | DZ49: - | EA49: - | EB49: - | EC49: - | ED49: - | EE49: - | EF49: - | EG49: - | EH49: - | EI49: - | EJ49: - | EK49: - | EL49: - | EM49: - | EN49: - | EO49: - | EP49: - | EQ49: - | ER49: - | ES49: - | ET49: - | EU49: - | EV49: - | EW49: - | EX49: - | EY49: - | EZ49: - | FA49: - | FB49: - | FC49: - | FD49: - | FE49: - | FF49: - | FG49: - | FH49: - | FI49: - | FJ49: - | FK49: - | FL49: - | FM49: - | FN49: - | FO49: - | FP49: - | FQ49: - | FR49: - | FS49: - | FT49: - | FU49: - | FV49: - | FW49: - | FX49: - | FY49: - | FZ49: - | GA49: - | GB49: - | GC49: - | GD49: - | GE49: - | GF49: - | GG49: 6454973 | GH49: - | GI49: - | GJ49: - | GK49: - | GL49: -21 | GM49: 2 | GN49: - | GO49: -19 | GP49: 6454954 | GQ49: 348 | GR49: - | GS49: - | GT49: 348 | GU49: - | GV49: - | GW49: - | GX49: - | GY49: - | GZ49: 6454606 | HA49: 6454954
B50: 45 | C50: Barang Tambang Logam Lainnya | D50: - | E50: - | F50: - | G50: - | H50: - | I50: - | J50: - | K50: - | L50: - | M50: - | N50: - | O50: - | P50: - | Q50: - | R50: - | S50: - | T50: - | U50: - | V50: - | W50: - | X50: - | Y50: - | Z50: - | AA50: - | AB50: - | AC50: - | AD50: - | AE50: - | AF50: - | AG50: - | AH50: - | AI50: - | AJ50: - | AK50: - | AL50: - | AM50: - | AN50: - | AO50: - | AP50: - | AQ50: - | AR50: - | AS50: - | AT50: - | AU50: - | AV50: 8828 | AW50: - | AX50: - | AY50: - | AZ50: - | BA50: - | BB50: - | BC50: - | BD50: - | BE50: - | BF50: - | BG50: - | BH50: - | BI50: - | BJ50: - | BK50: - | BL50: - | BM50: - | BN50: - | BO50: - | BP50: - | BQ50: - | BR50: - | BS50: - | BT50: - | BU50: - | BV50: - | BW50: - | BX50: - | BY50: - | BZ50: - | CA50: - | CB50: - | CC50: - | CD50: - | CE50: - | CF50: - | CG50: - | CH50: - | CI50: - | CJ50: - | CK50: - | CL50: - | CM50: - | CN50: - | CO50: - | CP50: - | CQ50: - | CR50: - | CS50: - | CT50: 364 | CU50: - | CV50: - | CW50: - | CX50: - | CY50: - | CZ50: - | DA50: - | DB50: - | DC50: - | DD50: - | DE50: - | DF50: - | DG50: - | DH50: - | DI50: - | DJ50: - | DK50: - | DL50: - | DM50: 2680129 | DN50: 3076678 | DO50: 275636 | DP50: - | DQ50: - | DR50: - | DS50: - | DT50: - | DU50: - | DV50: - | DW50: - | DX50: - | DY50: - | DZ50: - | EA50: - | EB50: - | EC50: - | ED50: - | EE50: - | EF50: - | EG50: - | EH50: - | EI50: - | EJ50: - | EK50: - | EL50: - | EM50: - | EN50: - | EO50: - | EP50: - | EQ50: - | ER50: - | ES50: - | ET50: - | EU50: - | EV50: - | EW50: - | EX50: - | EY50: - | EZ50: - | FA50: - | FB50: - | FC50: - | FD50: - | FE50: - | FF50: - | FG50: - | FH50: - | FI50: - | FJ50: - | FK50: - | FL50: - | FM50: - | FN50: - | FO50: - | FP50: - | FQ50: - | FR50: - | FS50: - | FT50: - | FU50: - | FV50: - | FW50: - | FX50: - | FY50: - | FZ50: - | GA50: - | GB50: - | GC50: - | GD50: - | GE50: - | GF50: - | GG50: 6041635 | GH50: - | GI50: - | GJ50: - | GK50: - | GL50: 103295 | GM50: 1852525 | GN50: - | GO50: 1955820 | GP50: 7997455 | GQ50: 1435723 | GR50: - | GS50: - | GT50: 1435723 | GU50: - | GV50: - | GW50: - | GX50: - | GY50: - | GZ50: 6561732 | HA50: 7997455
B51: 46 | C51: Bijih Emas | D51: - | E51: - | F51: - | G51: - | H51: - | I51: - | J51: - | K51: - | L51: - | M51: - | N51: - | O51: - | P51: - | Q51: - | R51: - | S51: - | T51: - | U51: - | V51: - | W51: - | X51: - | Y51: - | Z51: - | AA51: - | AB51: - | AC51: - | AD51: - | AE51: - | AF51: - | AG51: - | AH51: - | AI51: - | AJ51: - | AK51: - | AL51: - | AM51: - | AN51: - | AO51: - | AP51: - | AQ51: - | AR51: - | AS51: - | AT51: - | AU51: - | AV51: - | AW51: 801811 | AX51: - | AY51: - | AZ51: - | BA51: - | BB51: - | BC51: - | BD51: - | BE51: - | BF51: - | BG51: - | BH51: - | BI51: - | BJ51: - | BK51: - | BL51: - | BM51: - | BN51: - | BO51: - | BP51: - | BQ51: - | BR51: - | BS51: - | BT51: - | BU51: - | BV51: - | BW51: - | BX51: - | BY51: - | BZ51: - | CA51: - | CB51: - | CC51: - | CD51: - | CE51: - | CF51: - | CG51: - | CH51: - | CI51: - | CJ51: - | CK51: - | CL51: - | CM51: - | CN51: - | CO51: - | CP51: - | CQ51: - | CR51: - | CS51: - | CT51: - | CU51: - | CV51: - | CW51: - | CX51: - | CY51: - | CZ51: - | DA51: - | DB51: - | DC51: - | DD51: - | DE51: - | DF51: - | DG51: - | DH51: - | DI51: - | DJ51: - | DK51: - | DL51: - | DM51: 7047243 | DN51: 75043568 | DO51: 268326 | DP51: - | DQ51: - | DR51: - | DS51: - | DT51: - | DU51: - | DV51: - | DW51: - | DX51: - | DY51: - | DZ51: - | EA51: - | EB51: - | EC51: - | ED51: - | EE51: - | EF51: - | EG51: - | EH51: - | EI51: - | EJ51: - | EK51: 2858837 | EL51: - | EM51: - | EN51: - | EO51: - | EP51: - | EQ51: - | ER51: - | ES51: - | ET51: - | EU51: - | EV51: - | EW51: - | EX51: - | EY51: - | EZ51: - | FA51: - | FB51: - | FC51: - | FD51: - | FE51: - | FF51: - | FG51: - | FH51: - | FI51: - | FJ51: - | FK51: - | FL51: - | FM51: - | FN51: - | FO51: - | FP51: - | FQ51: - | FR51: - | FS51: - | FT51: - | FU51: - | FV51: - | FW51: - | FX51: - | FY51: - | FZ51: - | GA51: - | GB51: - | GC51: - | GD51: - | GE51: - | GF51: - | GG51: 86019785 | GH51: - | GI51: - | GJ51: - | GK51: - | GL51: 10 | GM51: 73 | GN51: - | GO51: 83 | GP51: 86019868 | GQ51: 53 | GR51: - | GS51: - | GT51: 53 | GU51: - | GV51: - | GW51: - | GX51: - | GY51: - | GZ51: 86019815 | HA51: 86019868
B52: 47 | C52: Bijih Perak | D52: - | E52: - | F52: - | G52: - | H52: - | I52: - | J52: - | K52: - | L52: - | M52: - | N52: - | O52: - | P52: - | Q52: - | R52: - | S52: - | T52: - | U52: - | V52: - | W52: - | X52: - | Y52: - | Z52: - | AA52: - | AB52: - | AC52: - | AD52: - | AE52: - | AF52: - | AG52: - | AH52: - | AI52: - | AJ52: - | AK52: - | AL52: - | AM52: - | AN52: - | AO52: - | AP52: - | AQ52: - | AR52: - | AS52: - | AT52: - | AU52: - | AV52: - | AW52: - | AX52: 3562 | AY52: - | AZ52: - | BA52: - | BB52: - | BC52: - | BD52: - | BE52: - | BF52: - | BG52: - | BH52: - | BI52: - | BJ52: - | BK52: - | BL52: - | BM52: - | BN52: - | BO52: - | BP52: - | BQ52: - | BR52: - | BS52: - | BT52: - | BU52: - | BV52: - | BW52: - | BX52: - | BY52: - | BZ52: - | CA52: - | CB52: - | CC52: - | CD52: - | CE52: - | CF52: - | CG52: - | CH52: - | CI52: - | CJ52: - | CK52: - | CL52: - | CM52: - | CN52: - | CO52: - | CP52: - | CQ52: - | CR52: - | CS52: - | CT52: - | CU52: - | CV52: - | CW52: - | CX52: - | CY52: - | CZ52: - | DA52: - | DB52: - | DC52: - | DD52: - | DE52: - | DF52: - | DG52: - | DH52: - | DI52: - | DJ52: - | DK52: - | DL52: - | DM52: 178787 | DN52: 1029199 | DO52: 118417 | DP52: - | DQ52: - | DR52: - | DS52: - | DT52: - | DU52: - | DV52: - | DW52: - | DX52: - | DY52: - | DZ52: - | EA52: - | EB52: - | EC52: - | ED52: - | EE52: - | EF52: - | EG52: - | EH52: - | EI52: - | EJ52: - | EK52: 501779 | EL52: - | EM52: - | EN52: - | EO52: - | EP52: - | EQ52: - | ER52: - | ES52: - | ET52: - | EU52: - | EV52: - | EW52: - | EX52: - | EY52: - | EZ52: - | FA52: - | FB52: - | FC52: - | FD52: - | FE52: - | FF52: - | FG52: - | FH52: - | FI52: - | FJ52: - | FK52: - | FL52: - | FM52: - | FN52: - | FO52: - | FP52: - | FQ52: - | FR52: - | FS52: - | FT52: - | FU52: - | FV52: - | FW52: - | FX52: - | FY52: - | FZ52: - | GA52: - | GB52: - | GC52: - | GD52: - | GE52: - | GF52: - | GG52: 1831744 | GH52: - | GI52: - | GJ52: - | GK52: - | GL52: 21 | GM52: - | GN52: - | GO52: 21 | GP52: 1831765 | GQ52: 1895 | GR52: - | GS52: - | GT52: 1895 | GU52: - | GV52: - | GW52: - | GX52: - | GY52: - | GZ52: 1829870 | HA52: 1831765
B53: 48 | C53: Barang Galian Segala Jenis | D53: - | E53: - | F53: - | G53: - | H53: - | I53: - | J53: - | K53: - | L53: - | M53: - | N53: - | O53: - | P53: - | Q53: - | R53: 111 | S53: - | T53: - | U53: 65936 | V53: 198 | W53: 2522 | X53: 37 | Y53: 133 | Z53: 95 | AA53: 135 | AB53: 256 | AC53: - | AD53: - | AE53: - | AF53: - | AG53: - | AH53: - | AI53: - | AJ53: 7905 | AK53: - | AL53: - | AM53: - | AN53: - | AO53: - | AP53: - | AQ53: - | AR53: - | AS53: - | AT53: - | AU53: - | AV53: - | AW53: - | AX53: - | AY53: 1462440 | AZ53: - | BA53: - | BB53: - | BC53: - | BD53: - | BE53: - | BF53: - | BG53: - | BH53: - | BI53: - | BJ53: - | BK53: - | BL53: - | BM53: - | BN53: - | BO53: - | BP53: - | BQ53: - | BR53: - | BS53: - | BT53: - | BU53: - | BV53: - | BW53: - | BX53: - | BY53: - | BZ53: - | CA53: - | CB53: - | CC53: - | CD53: - | CE53: - | CF53: - | CG53: - | CH53: - | CI53: - | CJ53: - | CK53: - | CL53: - | CM53: - | CN53: - | CO53: - | CP53: - | CQ53: - | CR53: - | CS53: 16067222 | CT53: 1796 | CU53: 14112 | CV53: 1318008 | CW53: 1013 | CX53: 15870 | CY53: 3791 | CZ53: 106 | DA53: - | DB53: - | DC53: 241 | DD53: - | DE53: - | DF53: - | DG53: - | DH53: - | DI53: - | DJ53: 6378402 | DK53: 7672884 | DL53: 7355172 | DM53: 1142356 | DN53: 3247 | DO53: 94956 | DP53: 133020 | DQ53: 12912 | DR53: 54761 | DS53: 200759 | DT53: - | DU53: - | DV53: - | DW53: - | DX53: - | DY53: - | DZ53: - | EA53: 1549 | EB53: - | EC53: - | ED53: - | EE53: - | EF53: - | EG53: - | EH53: - | EI53: - | EJ53: 1133 | EK53: 3139897 | EL53: - | EM53: - | EN53: - | EO53: - | EP53: - | EQ53: - | ER53: - | ES53: - | ET53: - | EU53: 270 | EV53: 146978239 | EW53: 8546664 | EX53: 3396010 | EY53: 17314461 | EZ53: 61391960 | FA53: - | FB53: - | FC53: - | FD53: - | FE53: - | FF53: - | FG53: - | FH53: - | FI53: - | FJ53: - | FK53: - | FL53: - | FM53: - | FN53: - | FO53: - | FP53: - | FQ53: - | FR53: - | FS53: - | FT53: - | FU53: - | FV53: - | FW53: 6163 | FX53: - | FY53: - | FZ53: - | GA53: - | GB53: 106 | GC53: - | GD53: - | GE53: - | GF53: - | GG53: 282786848 | GH53: 392584 | GI53: - | GJ53: - | GK53: - | GL53: 31199561 | GM53: 858929 | GN53: - | GO53: 32451074 | GP53: 315237922 | GQ53: 5317468 | GR53: - | GS53: - | GT53: 5317468 | GU53: - | GV53: - | GW53: - | GX53: - | GY53: - | GZ53: 309920454 | HA53: 315237922
B54: 49 | C54: Barang Tambang Mineral Bukan Logam | D54: - | E54: - | F54: - | G54: - | H54: - | I54: - | J54: - | K54: - | L54: - | M54: - | N54: - | O54: - | P54: - | Q54: - | R54: - | S54: - | T54: - | U54: - | V54: - | W54: - | X54: - | Y54: - | Z54: - | AA54: - | AB54: - | AC54: - | AD54: - | AE54: - | AF54: - | AG54: - | AH54: - | AI54: - | AJ54: - | AK54: - | AL54: - | AM54: - | AN54: - | AO54: - | AP54: - | AQ54: - | AR54: - | AS54: - | AT54: - | AU54: - | AV54: - | AW54: - | AX54: - | AY54: - | AZ54: 109 | BA54: - | BB54: - | BC54: - | BD54: - | BE54: - | BF54: - | BG54: - | BH54: - | BI54: - | BJ54: - | BK54: - | BL54: - | BM54: - | BN54: - | BO54: - | BP54: - | BQ54: - | BR54: - | BS54: - | BT54: - | BU54: - | BV54: - | BW54: - | BX54: - | BY54: - | BZ54: - | CA54: - | CB54: - | CC54: - | CD54: - | CE54: - | CF54: - | CG54: - | CH54: - | CI54: - | CJ54: - | CK54: - | CL54: - | CM54: - | CN54: - | CO54: - | CP54: - | CQ54: - | CR54: - | CS54: 16820 | CT54: 109072 | CU54: 12415769 | CV54: 15681524 | CW54: 3369495 | CX54: 127508 | CY54: - | CZ54: - | DA54: - | DB54: 773 | DC54: 1413339 | DD54: 266971 | DE54: 27 | DF54: - | DG54: - | DH54: - | DI54: - | DJ54: - | DK54: 271430 | DL54: 34322 | DM54: 705468 | DN54: 4649 | DO54: 14677 | DP54: 15750 | DQ54: 238 | DR54: 23347 | DS54: 10261 | DT54: - | DU54: - | DV54: - | DW54: - | DX54: - | DY54: - | DZ54: - | EA54: - | EB54: - | EC54: - | ED54: - | EE54: - | EF54: - | EG54: - | EH54: - | EI54: - | EJ54: - | EK54: - | EL54: - | EM54: - | EN54: - | EO54: - | EP54: - | EQ54: - | ER54: - | ES54: - | ET54: - | EU54: - | EV54: - | EW54: - | EX54: - | EY54: - | EZ54: - | FA54: - | FB54: - | FC54: - | FD54: - | FE54: - | FF54: - | FG54: - | FH54: - | FI54: - | FJ54: - | FK54: - | FL54: - | FM54: - | FN54: - | FO54: - | FP54: - | FQ54: - | FR54: - | FS54: - | FT54: - | FU54: - | FV54: - | FW54: - | FX54: - | FY54: - | FZ54: - | GA54: - | GB54: - | GC54: - | GD54: - | GE54: - | GF54: - | GG54: 34481549 | GH54: - | GI54: - | GJ54: - | GK54: - | GL54: 316089 | GM54: 96590 | GN54: - | GO54: 412679 | GP54: 34894228 | GQ54: 3774451 | GR54: - | GS54: - | GT54: 3774451 | GU54: - | GV54: - | GW54: - | GX54: - | GY54: - | GZ54: 31119777 | HA54: 34894228
B55: 50 | C55: Garam Kasar | D55: - | E55: - | F55: - | G55: - | H55: - | I55: - | J55: - | K55: - | L55: - | M55: - | N55: - | O55: - | P55: - | Q55: - | R55: - | S55: - | T55: - | U55: - | V55: - | W55: - | X55: - | Y55: - | Z55: - | AA55: - | AB55: - | AC55: - | AD55: - | AE55: - | AF55: - | AG55: - | AH55: - | AI55: - | AJ55: 48588 | AK55: - | AL55: - | AM55: - | AN55: - | AO55: - | AP55: - | AQ55: - | AR55: - | AS55: - | AT55: - | AU55: - | AV55: - | AW55: - | AX55: - | AY55: - | AZ55: - | BA55: 50297 | BB55: - | BC55: - | BD55: - | BE55: - | BF55: 1531887 | BG55: 205006 | BH55: - | BI55: 318 | BJ55: 712 | BK55: - | BL55: - | BM55: - | BN55: - | BO55: - | BP55: - | BQ55: - | BR55: - | BS55: - | BT55: - | BU55: - | BV55: - | BW55: - | BX55: - | BY55: - | BZ55: - | CA55: - | CB55: - | CC55: - | CD55: - | CE55: - | CF55: - | CG55: - | CH55: - | CI55: - | CJ55: - | CK55: - | CL55: - | CM55: - | CN55: - | CO55: 30350 | CP55: - | CQ55: - | CR55: - | CS55: - | CT55: - | CU55: 1919475 | CV55: 2087 | CW55: - | CX55: - | CY55: - | CZ55: - | DA55: - | DB55: 167834 | DC55: - | DD55: - | DE55: 66097 | DF55: - | DG55: - | DH55: - | DI55: - | DJ55: - | DK55: - | DL55: - | DM55: - | DN55: - | DO55: - | DP55: - | DQ55: - | DR55: - | DS55: - | DT55: - | DU55: - | DV55: - | DW55: - | DX55: - | DY55: - | DZ55: - | EA55: - | EB55: - | EC55: - | ED55: - | EE55: - | EF55: - | EG55: - | EH55: - | EI55: - | EJ55: - | EK55: - | EL55: - | EM55: - | EN55: - | EO55: - | EP55: - | EQ55: - | ER55: - | ES55: - | ET55: - | EU55: - | EV55: - | EW55: - | EX55: - | EY55: - | EZ55: - | FA55: - | FB55: - | FC55: 52769 | FD55: - | FE55: - | FF55: - | FG55: - | FH55: - | FI55: - | FJ55: - | FK55: - | FL55: - | FM55: - | FN55: - | FO55: - | FP55: - | FQ55: - | FR55: - | FS55: - | FT55: - | FU55: - | FV55: - | FW55: - | FX55: 3535 | FY55: - | FZ55: 18919 | GA55: - | GB55: 323 | GC55: 1380 | GD55: - | GE55: - | GF55: - | GG55: 4099577 | GH55: - | GI55: - | GJ55: - | GK55: - | GL55: 190 | GM55: 325 | GN55: - | GO55: 515 | GP55: 4100092 | GQ55: 1456122 | GR55: - | GS55: - | GT55: 1456122 | GU55: - | GV55: - | GW55: - | GX55: - | GY55: - | GZ55: 2643970 | HA55: 4100092
B56: 51 | C56: Jasa pertambangan minyak bumi dan gas alam | D56: - | E56: - | F56: - | G56: - | H56: - | I56: - | J56: - | K56: - | L56: - | M56: - | N56: - | O56: - | P56: - | Q56: - | R56: - | S56: - | T56: - | U56: - | V56: - | W56: - | X56: - | Y56: - | Z56: - | AA56: - | AB56: - | AC56: - | AD56: - | AE56: - | AF56: - | AG56: - | AH56: - | AI56: - | AJ56: - | AK56: - | AL56: - | AM56: - | AN56: - | AO56: 18982884 | AP56: 15501101 | AQ56: - | AR56: - | AS56: - | AT56: - | AU56: - | AV56: - | AW56: - | AX56: - | AY56: - | AZ56: - | BA56: - | BB56: 176861 | BC56: - | BD56: - | BE56: - | BF56: - | BG56: - | BH56: - | BI56: - | BJ56: - | BK56: - | BL56: - | BM56: - | BN56: - | BO56: - | BP56: - | BQ56: - | BR56: - | BS56: - | BT56: - | BU56: - | BV56: - | BW56: - | BX56: - | BY56: - | BZ56: - | CA56: - | CB56: - | CC56: - | CD56: - | CE56: - | CF56: - | CG56: - | CH56: - | CI56: - | CJ56: - | CK56: - | CL56: - | CM56: - | CN56: - | CO56: - | CP56: - | CQ56: - | CR56: - | CS56: - | CT56: - | CU56: - | CV56: - | CW56: - | CX56: - | CY56: - | CZ56: - | DA56: - | DB56: - | DC56: - | DD56: - | DE56: - | DF56: - | DG56: - | DH56: - | DI56: - | DJ56: - | DK56: - | DL56: - | DM56: - | DN56: - | DO56: - | DP56: - | DQ56: - | DR56: - | DS56: - | DT56: - | DU56: - | DV56: - | DW56: - | DX56: - | DY56: - | DZ56: - | EA56: - | EB56: - | EC56: - | ED56: - | EE56: - | EF56: - | EG56: - | EH56: - | EI56: - | EJ56: - | EK56: - | EL56: - | EM56: - | EN56: - | EO56: - | EP56: - | EQ56: - | ER56: - | ES56: - | ET56: - | EU56: - | EV56: - | EW56: - | EX56: - | EY56: - | EZ56: - | FA56: - | FB56: - | FC56: - | FD56: - | FE56: - | FF56: - | FG56: - | FH56: - | FI56: - | FJ56: - | FK56: - | FL56: - | FM56: - | FN56: - | FO56: - | FP56: - | FQ56: - | FR56: - | FS56: - | FT56: - | FU56: - | FV56: - | FW56: - | FX56: - | FY56: - | FZ56: - | GA56: - | GB56: - | GC56: - | GD56: - | GE56: - | GF56: - | GG56: 34660846 | GH56: - | GI56: - | GJ56: - | GK56: 7897463 | GL56: - | GM56: - | GN56: - | GO56: 7897463 | GP56: 42558309 | GQ56: - | GR56: - | GS56: - | GT56: - | GU56: - | GV56: - | GW56: - | GX56: - | GY56: - | GZ56: 42558309 | HA56: 42558309
B57: 52 | C57: Jasa pertambangan dan penggalian lainnya | D57: - | E57: - | F57: - | G57: - | H57: - | I57: - | J57: - | K57: - | L57: - | M57: - | N57: - | O57: - | P57: - | Q57: - | R57: - | S57: - | T57: - | U57: - | V57: - | W57: - | X57: - | Y57: - | Z57: - | AA57: - | AB57: - | AC57: - | AD57: - | AE57: - | AF57: - | AG57: - | AH57: - | AI57: - | AJ57: - | AK57: - | AL57: - | AM57: - | AN57: 31968659 | AO57: - | AP57: 79524 | AQ57: 573767 | AR57: 1244190 | AS57: 1129240 | AT57: 1937695 | AU57: 429002 | AV57: 217517 | AW57: 2558105 | AX57: 81061 | AY57: 3749145 | AZ57: 1837880 | BA57: 208460 | BB57: - | BC57: 312123 | BD57: - | BE57: - | BF57: - | BG57: - | BH57: - | BI57: - | BJ57: - | BK57: - | BL57: - | BM57: - | BN57: - | BO57: - | BP57: - | BQ57: - | BR57: - | BS57: - | BT57: - | BU57: - | BV57: - | BW57: - | BX57: - | BY57: - | BZ57: - | CA57: - | CB57: - | CC57: - | CD57: - | CE57: - | CF57: - | CG57: - | CH57: - | CI57: - | CJ57: - | CK57: - | CL57: - | CM57: - | CN57: - | CO57: - | CP57: - | CQ57: - | CR57: - | CS57: - | CT57: - | CU57: - | CV57: - | CW57: - | CX57: - | CY57: - | CZ57: - | DA57: - | DB57: - | DC57: - | DD57: - | DE57: - | DF57: - | DG57: - | DH57: - | DI57: - | DJ57: - | DK57: - | DL57: - | DM57: - | DN57: - | DO57: - | DP57: - | DQ57: - | DR57: - | DS57: - | DT57: - | DU57: - | DV57: - | DW57: - | DX57: - | DY57: - | DZ57: - | EA57: - | EB57: - | EC57: - | ED57: - | EE57: - | EF57: - | EG57: - | EH57: - | EI57: - | EJ57: - | EK57: - | EL57: - | EM57: - | EN57: - | EO57: - | EP57: - | EQ57: - | ER57: - | ES57: - | ET57: - | EU57: - | EV57: - | EW57: - | EX57: - | EY57: - | EZ57: - | FA57: - | FB57: - | FC57: - | FD57: - | FE57: - | FF57: - | FG57: - | FH57: - | FI57: - | FJ57: - | FK57: - | FL57: - | FM57: - | FN57: - | FO57: - | FP57: - | FQ57: - | FR57: - | FS57: - | FT57: - | FU57: - | FV57: - | FW57: - | FX57: - | FY57: - | FZ57: - | GA57: - | GB57: - | GC57: - | GD57: - | GE57: - | GF57: - | GG57: 46326368 | GH57: - | GI57: - | GJ57: - | GK57: 8182656 | GL57: - | GM57: - | GN57: - | GO57: 8182656 | GP57: 54509024 | GQ57: - | GR57: - | GS57: - | GT57: - | GU57: - | GV57: - | GW57: - | GX57: - | GY57: - | GZ57: 54509024 | HA57: 54509024
B58: 53 | C58: Hasil Pemotongan Hewan | D58: - | E58: - | F58: - | G58: - | H58: - | I58: - | J58: - | K58: - | L58: - | M58: - | N58: - | O58: - | P58: - | Q58: - | R58: - | S58: - | T58: - | U58: - | V58: - | W58: - | X58: - | Y58: - | Z58: - | AA58: - | AB58: - | AC58: - | AD58: - | AE58: - | AF58: - | AG58: - | AH58: - | AI58: - | AJ58: - | AK58: - | AL58: - | AM58: - | AN58: - | AO58: - | AP58: - | AQ58: - | AR58: - | AS58: - | AT58: - | AU58: - | AV58: - | AW58: - | AX58: - | AY58: - | AZ58: - | BA58: - | BB58: - | BC58: - | BD58: 1892511 | BE58: 23850518 | BF58: - | BG58: - | BH58: - | BI58: - | BJ58: - | BK58: - | BL58: - | BM58: - | BN58: - | BO58: - | BP58: - | BQ58: - | BR58: 2807 | BS58: - | BT58: - | BU58: - | BV58: 6396155 | BW58: 188372 | BX58: - | BY58: - | BZ58: - | CA58: - | CB58: - | CC58: - | CD58: - | CE58: - | CF58: - | CG58: - | CH58: 4695810 | CI58: 704525 | CJ58: 343107 | CK58: - | CL58: - | CM58: - | CN58: - | CO58: - | CP58: - | CQ58: - | CR58: - | CS58: - | CT58: - | CU58: - | CV58: - | CW58: - | CX58: - | CY58: - | CZ58: - | DA58: - | DB58: - | DC58: - | DD58: - | DE58: - | DF58: - | DG58: - | DH58: - | DI58: - | DJ58: - | DK58: - | DL58: - | DM58: - | DN58: - | DO58: - | DP58: - | DQ58: - | DR58: - | DS58: - | DT58: - | DU58: - | DV58: - | DW58: - | DX58: - | DY58: - | DZ58: - | EA58: - | EB58: - | EC58: - | ED58: - | EE58: - | EF58: - | EG58: - | EH58: - | EI58: - | EJ58: - | EK58: - | EL58: - | EM58: - | EN58: - | EO58: - | EP58: - | EQ58: - | ER58: - | ES58: - | ET58: - | EU58: - | EV58: - | EW58: - | EX58: - | EY58: - | EZ58: - | FA58: - | FB58: - | FC58: - | FD58: - | FE58: - | FF58: 495978 | FG58: - | FH58: - | FI58: - | FJ58: - | FK58: 4626578 | FL58: 50497960 | FM58: - | FN58: - | FO58: - | FP58: - | FQ58: - | FR58: - | FS58: - | FT58: - | FU58: - | FV58: - | FW58: - | FX58: 49093 | FY58: 11073 | FZ58: 852894 | GA58: - | GB58: 1309770 | GC58: 7329323 | GD58: 745949 | GE58: - | GF58: 10219318 | GG58: 114211741 | GH58: 152835413 | GI58: - | GJ58: - | GK58: - | GL58: -1782334 | GM58: 247300 | GN58: - | GO58: 151300379 | GP58: 265512120 | GQ58: 7966087 | GR58: - | GS58: - | GT58: 7966087 | GU58: - | GV58: - | GW58: - | GX58: - | GY58: - | GZ58: 257546033 | HA58: 265512120
B59: 54 | C59: Hasil Pengolahan dan Pengawetan Daging | D59: - | E59: - | F59: - | G59: - | H59: - | I59: - | J59: - | K59: - | L59: - | M59: - | N59: - | O59: - | P59: - | Q59: - | R59: - | S59: - | T59: - | U59: - | V59: - | W59: - | X59: - | Y59: - | Z59: - | AA59: - | AB59: - | AC59: - | AD59: - | AE59: - | AF59: - | AG59: - | AH59: - | AI59: - | AJ59: - | AK59: - | AL59: - | AM59: - | AN59: - | AO59: - | AP59: - | AQ59: - | AR59: - | AS59: - | AT59: - | AU59: - | AV59: - | AW59: - | AX59: - | AY59: - | AZ59: - | BA59: - | BB59: - | BC59: - | BD59: 2995 | BE59: 1556 | BF59: - | BG59: - | BH59: - | BI59: - | BJ59: - | BK59: - | BL59: - | BM59: - | BN59: - | BO59: - | BP59: - | BQ59: - | BR59: 1620 | BS59: - | BT59: - | BU59: - | BV59: 56988 | BW59: 7374 | BX59: - | BY59: - | BZ59: - | CA59: - | CB59: - | CC59: - | CD59: - | CE59: - | CF59: - | CG59: - | CH59: - | CI59: - | CJ59: - | CK59: - | CL59: - | CM59: - | CN59: - | CO59: - | CP59: - | CQ59: - | CR59: - | CS59: - | CT59: - | CU59: - | CV59: - | CW59: - | CX59: - | CY59: - | CZ59: - | DA59: - | DB59: - | DC59: - | DD59: - | DE59: - | DF59: - | DG59: - | DH59: - | DI59: - | DJ59: - | DK59: - | DL59: - | DM59: - | DN59: - | DO59: - | DP59: - | DQ59: - | DR59: - | DS59: - | DT59: - | DU59: - | DV59: - | DW59: - | DX59: - | DY59: - | DZ59: - | EA59: - | EB59: - | EC59: - | ED59: - | EE59: - | EF59: - | EG59: - | EH59: - | EI59: - | EJ59: - | EK59: - | EL59: - | EM59: - | EN59: - | EO59: - | EP59: - | EQ59: - | ER59: - | ES59: - | ET59: - | EU59: - | EV59: - | EW59: - | EX59: - | EY59: - | EZ59: - | FA59: - | FB59: - | FC59: - | FD59: - | FE59: - | FF59: 252507 | FG59: - | FH59: - | FI59: - | FJ59: - | FK59: 1585513 | FL59: 4899773 | FM59: - | FN59: - | FO59: - | FP59: - | FQ59: - | FR59: - | FS59: - | FT59: - | FU59: - | FV59: - | FW59: - | FX59: 9456 | FY59: 72820 | FZ59: 7878450 | GA59: 15499 | GB59: 234709 | GC59: 2475246 | GD59: 259278 | GE59: - | GF59: 1214836 | GG59: 18968620 | GH59: 53088141 | GI59: - | GJ59: - | GK59: - | GL59: -500358 | GM59: - | GN59: - | GO59: 52587783 | GP59: 71556403 | GQ59: 8673115 | GR59: - | GS59: - | GT59: 8673115 | GU59: - | GV59: - | GW59: - | GX59: - | GY59: - | GZ59: 62883288 | HA59: 71556403
B60: 55 | C60: Ikan Kering dan Ikan Asin | D60: - | E60: - | F60: - | G60: - | H60: - | I60: - | J60: - | K60: - | L60: - | M60: - | N60: - | O60: - | P60: - | Q60: - | R60: - | S60: - | T60: - | U60: - | V60: - | W60: - | X60: - | Y60: - | Z60: - | AA60: - | AB60: - | AC60: - | AD60: - | AE60: - | AF60: - | AG60: - | AH60: - | AI60: - | AJ60: - | AK60: - | AL60: - | AM60: - | AN60: - | AO60: - | AP60: - | AQ60: - | AR60: - | AS60: - | AT60: - | AU60: - | AV60: - | AW60: - | AX60: - | AY60: - | AZ60: - | BA60: - | BB60: - | BC60: - | BD60: - | BE60: - | BF60: 37963 | BG60: 7572 | BH60: - | BI60: - | BJ60: - | BK60: - | BL60: - | BM60: - | BN60: - | BO60: - | BP60: - | BQ60: - | BR60: - | BS60: - | BT60: - | BU60: - | BV60: 18013 | BW60: - | BX60: - | BY60: - | BZ60: - | CA60: - | CB60: - | CC60: - | CD60: - | CE60: - | CF60: - | CG60: - | CH60: - | CI60: - | CJ60: - | CK60: - | CL60: - | CM60: - | CN60: - | CO60: - | CP60: - | CQ60: - | CR60: - | CS60: - | CT60: - | CU60: - | CV60: - | CW60: - | CX60: - | CY60: - | CZ60: - | DA60: - | DB60: - | DC60: - | DD60: - | DE60: - | DF60: - | DG60: - | DH60: - | DI60: - | DJ60: - | DK60: - | DL60: - | DM60: - | DN60: - | DO60: - | DP60: - | DQ60: - | DR60: - | DS60: - | DT60: - | DU60: - | DV60: - | DW60: - | DX60: - | DY60: - | DZ60: - | EA60: - | EB60: - | EC60: - | ED60: - | EE60: - | EF60: - | EG60: - | EH60: - | EI60: - | EJ60: - | EK60: - | EL60: - | EM60: - | EN60: - | EO60: - | EP60: - | EQ60: - | ER60: - | ES60: - | ET60: - | EU60: - | EV60: - | EW60: - | EX60: - | EY60: - | EZ60: - | FA60: - | FB60: - | FC60: - | FD60: - | FE60: - | FF60: 207593 | FG60: - | FH60: - | FI60: - | FJ60: - | FK60: 381102 | FL60: 5847831 | FM60: - | FN60: - | FO60: - | FP60: - | FQ60: - | FR60: - | FS60: - | FT60: - | FU60: - | FV60: - | FW60: - | FX60: 169 | FY60: 10 | FZ60: 1806 | GA60: - | GB60: 10507 | GC60: 33522 | GD60: 38654 | GE60: - | GF60: 24614 | GG60: 6609356 | GH60: 30235390 | GI60: - | GJ60: - | GK60: - | GL60: 37842 | GM60: 13916564 | GN60: - | GO60: 44189796 | GP60: 50799152 | GQ60: 89492 | GR60: - | GS60: - | GT60: 89492 | GU60: - | GV60: - | GW60: - | GX60: - | GY60: - | GZ60: 50709660 | HA60: 50799152
B61: 56 | C61: Hasil Pengolahan dan Pengawetan Ikan | D61: - | E61: - | F61: - | G61: - | H61: - | I61: - | J61: - | K61: - | L61: - | M61: - | N61: - | O61: - | P61: - | Q61: - | R61: - | S61: - | T61: - | U61: - | V61: - | W61: - | X61: - | Y61: - | Z61: - | AA61: - | AB61: - | AC61: - | AD61: - | AE61: - | AF61: - | AG61: - | AH61: - | AI61: - | AJ61: - | AK61: - | AL61: - | AM61: - | AN61: - | AO61: - | AP61: - | AQ61: - | AR61: - | AS61: - | AT61: - | AU61: - | AV61: - | AW61: - | AX61: - | AY61: - | AZ61: - | BA61: - | BB61: - | BC61: - | BD61: - | BE61: - | BF61: 129580 | BG61: 469223 | BH61: - | BI61: 2595900 | BJ61: - | BK61: - | BL61: - | BM61: - | BN61: - | BO61: - | BP61: - | BQ61: - | BR61: 146 | BS61: - | BT61: - | BU61: - | BV61: 145328 | BW61: - | BX61: - | BY61: - | BZ61: - | CA61: - | CB61: - | CC61: - | CD61: - | CE61: - | CF61: - | CG61: - | CH61: - | CI61: - | CJ61: - | CK61: - | CL61: - | CM61: - | CN61: - | CO61: - | CP61: - | CQ61: - | CR61: - | CS61: - | CT61: - | CU61: - | CV61: - | CW61: - | CX61: - | CY61: - | CZ61: - | DA61: - | DB61: - | DC61: - | DD61: - | DE61: - | DF61: - | DG61: - | DH61: - | DI61: - | DJ61: - | DK61: - | DL61: - | DM61: - | DN61: - | DO61: - | DP61: - | DQ61: - | DR61: - | DS61: - | DT61: - | DU61: - | DV61: - | DW61: - | DX61: - | DY61: - | DZ61: - | EA61: - | EB61: - | EC61: - | ED61: - | EE61: - | EF61: - | EG61: - | EH61: - | EI61: - | EJ61: - | EK61: - | EL61: - | EM61: - | EN61: - | EO61: - | EP61: - | EQ61: - | ER61: - | ES61: - | ET61: - | EU61: - | EV61: - | EW61: - | EX61: - | EY61: - | EZ61: - | FA61: - | FB61: - | FC61: - | FD61: - | FE61: - | FF61: 229980 | FG61: - | FH61: - | FI61: - | FJ61: - | FK61: 2138220 | FL61: 16399476 | FM61: - | FN61: - | FO61: - | FP61: - | FQ61: - | FR61: - | FS61: - | FT61: - | FU61: - | FV61: - | FW61: - | FX61: 25873 | FY61: 1572 | FZ61: 1428 | GA61: - | GB61: 32580 | GC61: 11396 | GD61: 215136 | GE61: - | GF61: 10808 | GG61: 22406646 | GH61: 19528396 | GI61: - | GJ61: - | GK61: - | GL61: -491988 | GM61: 58196448 | GN61: - | GO61: 77232856 | GP61: 99639502 | GQ61: 4928302 | GR61: - | GS61: - | GT61: 4928302 | GU61: - | GV61: - | GW61: - | GX61: - | GY61: - | GZ61: 94711200 | HA61: 99639502
B62: 57 | C62: Hasil Pengolahan dan Pengawetan Buah-buahan dan Sayur-sayuran | D62: - | E62: - | F62: - | G62: - | H62: - | I62: - | J62: - | K62: - | L62: - | M62: - | N62: - | O62: - | P62: - | Q62: - | R62: - | S62: - | T62: - | U62: - | V62: - | W62: - | X62: - | Y62: - | Z62: - | AA62: - | AB62: - | AC62: - | AD62: - | AE62: - | AF62: - | AG62: - | AH62: - | AI62: - | AJ62: - | AK62: - | AL62: - | AM62: - | AN62: - | AO62: - | AP62: - | AQ62: - | AR62: - | AS62: - | AT62: - | AU62: - | AV62: - | AW62: - | AX62: - | AY62: - | AZ62: - | BA62: - | BB62: - | BC62: - | BD62: - | BE62: - | BF62: - | BG62: - | BH62: 368247 | BI62: 947362 | BJ62: - | BK62: 689167 | BL62: 12586 | BM62: - | BN62: - | BO62: - | BP62: - | BQ62: 5070 | BR62: 33047 | BS62: - | BT62: - | BU62: 6337757 | BV62: 135750 | BW62: - | BX62: - | BY62: 9386 | BZ62: - | CA62: - | CB62: - | CC62: - | CD62: - | CE62: - | CF62: - | CG62: - | CH62: - | CI62: - | CJ62: - | CK62: - | CL62: - | CM62: - | CN62: - | CO62: - | CP62: - | CQ62: - | CR62: - | CS62: - | CT62: - | CU62: - | CV62: - | CW62: - | CX62: - | CY62: - | CZ62: - | DA62: - | DB62: - | DC62: - | DD62: 19053 | DE62: - | DF62: - | DG62: - | DH62: - | DI62: - | DJ62: - | DK62: - | DL62: - | DM62: - | DN62: - | DO62: - | DP62: - | DQ62: - | DR62: - | DS62: - | DT62: - | DU62: - | DV62: - | DW62: - | DX62: - | DY62: - | DZ62: - | EA62: - | EB62: - | EC62: - | ED62: - | EE62: - | EF62: - | EG62: - | EH62: - | EI62: - | EJ62: - | EK62: - | EL62: - | EM62: - | EN62: - | EO62: - | EP62: - | EQ62: - | ER62: - | ES62: - | ET62: - | EU62: - | EV62: - | EW62: - | EX62: - | EY62: - | EZ62: - | FA62: - | FB62: - | FC62: - | FD62: - | FE62: - | FF62: 28146 | FG62: - | FH62: - | FI62: - | FJ62: - | FK62: 455896 | FL62: 5804132 | FM62: - | FN62: - | FO62: - | FP62: - | FQ62: - | FR62: - | FS62: - | FT62: - | FU62: - | FV62: - | FW62: - | FX62: 3040 | FY62: 161 | FZ62: 75907 | GA62: - | GB62: 53739 | GC62: 175913 | GD62: 42031 | GE62: - | GF62: 217276 | GG62: 15413666 | GH62: 17753975 | GI62: - | GJ62: - | GK62: - | GL62: -247168 | GM62: 9983411 | GN62: - | GO62: 27490218 | GP62: 42903884 | GQ62: 10739308 | GR62: - | GS62: - | GT62: 10739308 | GU62: - | GV62: - | GW62: - | GX62: - | GY62: - | GZ62: 32164576 | HA62: 42903884
B63: 58 | C63: Minyak Hewani dan Minyak Nabati | D63: - | E63: - | F63: - | G63: - | H63: - | I63: - | J63: - | K63: - | L63: - | M63: - | N63: - | O63: - | P63: - | Q63: - | R63: - | S63: - | T63: - | U63: - | V63: - | W63: - | X63: - | Y63: - | Z63: - | AA63: - | AB63: - | AC63: - | AD63: - | AE63: - | AF63: - | AG63: - | AH63: - | AI63: - | AJ63: - | AK63: - | AL63: - | AM63: - | AN63: - | AO63: - | AP63: - | AQ63: - | AR63: - | AS63: - | AT63: - | AU63: - | AV63: - | AW63: - | AX63: - | AY63: - | AZ63: - | BA63: - | BB63: - | BC63: - | BD63: 60707 | BE63: 184934 | BF63: - | BG63: - | BH63: 64200 | BI63: 112631581 | BJ63: - | BK63: 7299495 | BL63: - | BM63: - | BN63: - | BO63: 10552581 | BP63: - | BQ63: 559431 | BR63: 4860528 | BS63: - | BT63: - | BU63: 957219 | BV63: 1966926 | BW63: - | BX63: - | BY63: 3327 | BZ63: - | CA63: - | CB63: - | CC63: - | CD63: - | CE63: - | CF63: - | CG63: - | CH63: - | CI63: - | CJ63: - | CK63: - | CL63: - | CM63: - | CN63: - | CO63: - | CP63: - | CQ63: - | CR63: - | CS63: - | CT63: - | CU63: 45953918 | CV63: 100031 | CW63: 67127 | CX63: 25796 | CY63: 6910751 | CZ63: 578465 | DA63: 28275607 | DB63: 13536148 | DC63: 2046222 | DD63: 689823 | DE63: 547057 | DF63: - | DG63: - | DH63: - | DI63: - | DJ63: - | DK63: - | DL63: - | DM63: - | DN63: - | DO63: - | DP63: - | DQ63: - | DR63: - | DS63: - | DT63: - | DU63: - | DV63: - | DW63: - | DX63: - | DY63: - | DZ63: - | EA63: 343 | EB63: - | EC63: 4 | ED63: - | EE63: - | EF63: - | EG63: - | EH63: - | EI63: - | EJ63: - | EK63: - | EL63: - | EM63: - | EN63: - | EO63: - | EP63: - | EQ63: - | ER63: - | ES63: - | ET63: - | EU63: - | EV63: - | EW63: - | EX63: - | EY63: - | EZ63: - | FA63: - | FB63: - | FC63: - | FD63: - | FE63: - | FF63: 748137 | FG63: - | FH63: - | FI63: - | FJ63: - | FK63: 3319180 | FL63: 55116025 | FM63: - | FN63: - | FO63: - | FP63: - | FQ63: - | FR63: - | FS63: - | FT63: - | FU63: - | FV63: - | FW63: - | FX63: 2010 | FY63: 4256 | FZ63: 169415 | GA63: - | GB63: 1308007 | GC63: 1046359 | GD63: 68423 | GE63: - | GF63: 221098 | GG63: 299875131 | GH63: 82379476 | GI63: - | GJ63: - | GK63: - | GL63: 1478701 | GM63: 291192685 | GN63: - | GO63: 375050862 | GP63: 674925993 | GQ63: 32243773 | GR63: - | GS63: - | GT63: 32243773 | GU63: - | GV63: - | GW63: - | GX63: - | GY63: - | GZ63: 642682220 | HA63: 674925993
B64: 59 | C64: Minyak kelapa dan Kopra | D64: - | E64: - | F64: - | G64: - | H64: - | I64: - | J64: - | K64: - | L64: - | M64: - | N64: - | O64: - | P64: - | Q64: - | R64: - | S64: - | T64: - | U64: - | V64: - | W64: - | X64: - | Y64: - | Z64: - | AA64: - | AB64: - | AC64: 343724 | AD64: 27282 | AE64: 25354 | AF64: 239 | AG64: - | AH64: - | AI64: - | AJ64: - | AK64: - | AL64: - | AM64: - | AN64: - | AO64: - | AP64: - | AQ64: - | AR64: - | AS64: - | AT64: - | AU64: - | AV64: - | AW64: - | AX64: - | AY64: - | AZ64: - | BA64: - | BB64: - | BC64: - | BD64: 6748 | BE64: 8157 | BF64: - | BG64: 9211 | BH64: 228 | BI64: 5974027 | BJ64: 2154297 | BK64: - | BL64: - | BM64: - | BN64: - | BO64: 21324 | BP64: - | BQ64: 91 | BR64: - | BS64: - | BT64: - | BU64: 2651 | BV64: 67807 | BW64: - | BX64: - | BY64: 2819 | BZ64: - | CA64: - | CB64: - | CC64: - | CD64: - | CE64: - | CF64: - | CG64: - | CH64: 5209 | CI64: - | CJ64: - | CK64: - | CL64: - | CM64: - | CN64: - | CO64: - | CP64: - | CQ64: - | CR64: - | CS64: - | CT64: - | CU64: 189 | CV64: 2576 | CW64: - | CX64: - | CY64: 558208 | CZ64: - | DA64: 148686 | DB64: 3448 | DC64: 8982 | DD64: 21065 | DE64: 32 | DF64: - | DG64: - | DH64: - | DI64: - | DJ64: - | DK64: - | DL64: - | DM64: - | DN64: - | DO64: - | DP64: - | DQ64: - | DR64: - | DS64: - | DT64: - | DU64: - | DV64: - | DW64: - | DX64: - | DY64: - | DZ64: - | EA64: - | EB64: - | EC64: - | ED64: - | EE64: - | EF64: - | EG64: - | EH64: - | EI64: - | EJ64: - | EK64: - | EL64: - | EM64: - | EN64: - | EO64: - | EP64: - | EQ64: - | ER64: - | ES64: - | ET64: - | EU64: - | EV64: - | EW64: - | EX64: - | EY64: - | EZ64: - | FA64: - | FB64: - | FC64: - | FD64: - | FE64: - | FF64: - | FG64: - | FH64: - | FI64: - | FJ64: - | FK64: 767030 | FL64: 7433952 | FM64: - | FN64: - | FO64: - | FP64: - | FQ64: - | FR64: - | FS64: - | FT64: - | FU64: - | FV64: - | FW64: - | FX64: 2060 | FY64: 155 | FZ64: 28529 | GA64: - | GB64: 31078 | GC64: 102388 | GD64: 68642 | GE64: - | GF64: 78956 | GG64: 17905144 | GH64: 117620 | GI64: - | GJ64: - | GK64: - | GL64: -383 | GM64: 7515223 | GN64: - | GO64: 7632460 | GP64: 25537604 | GQ64: 637342 | GR64: - | GS64: - | GT64: 637342 | GU64: - | GV64: - | GW64: - | GX64: - | GY64: - | GZ64: 24900262 | HA64: 25537604
B65: 60 | C65: Makanan dan Minuman Terbuat dari Susu | D65: - | E65: - | F65: - | G65: - | H65: - | I65: - | J65: - | K65: - | L65: - | M65: - | N65: - | O65: - | P65: - | Q65: - | R65: - | S65: - | T65: - | U65: - | V65: - | W65: - | X65: - | Y65: - | Z65: - | AA65: - | AB65: - | AC65: - | AD65: - | AE65: - | AF65: - | AG65: - | AH65: - | AI65: - | AJ65: - | AK65: - | AL65: - | AM65: - | AN65: - | AO65: - | AP65: - | AQ65: - | AR65: - | AS65: - | AT65: - | AU65: - | AV65: - | AW65: - | AX65: - | AY65: - | AZ65: - | BA65: - | BB65: - | BC65: - | BD65: 12925 | BE65: - | BF65: - | BG65: - | BH65: 1682 | BI65: - | BJ65: - | BK65: 12905362 | BL65: 203543 | BM65: - | BN65: - | BO65: 250223 | BP65: - | BQ65: 469761 | BR65: 2197981 | BS65: 9670 | BT65: 1181 | BU65: - | BV65: 538415 | BW65: 156225 | BX65: 202 | BY65: 2253 | BZ65: - | CA65: - | CB65: - | CC65: - | CD65: - | CE65: - | CF65: - | CG65: - | CH65: - | CI65: - | CJ65: - | CK65: - | CL65: - | CM65: - | CN65: - | CO65: - | CP65: - | CQ65: - | CR65: - | CS65: - | CT65: - | CU65: - | CV65: - | CW65: - | CX65: - | CY65: - | CZ65: - | DA65: - | DB65: - | DC65: - | DD65: 15470 | DE65: 20049 | DF65: - | DG65: - | DH65: - | DI65: - | DJ65: - | DK65: - | DL65: - | DM65: - | DN65: - | DO65: - | DP65: - | DQ65: - | DR65: - | DS65: - | DT65: - | DU65: - | DV65: - | DW65: - | DX65: - | DY65: - | DZ65: - | EA65: - | EB65: - | EC65: - | ED65: - | EE65: - | EF65: - | EG65: - | EH65: - | EI65: - | EJ65: - | EK65: - | EL65: - | EM65: - | EN65: - | EO65: - | EP65: - | EQ65: - | ER65: - | ES65: - | ET65: - | EU65: - | EV65: - | EW65: - | EX65: - | EY65: - | EZ65: - | FA65: - | FB65: - | FC65: - | FD65: - | FE65: - | FF65: 89875 | FG65: - | FH65: - | FI65: - | FJ65: - | FK65: 567461 | FL65: 4831367 | FM65: - | FN65: - | FO65: - | FP65: - | FQ65: - | FR65: - | FS65: - | FT65: - | FU65: - | FV65: - | FW65: - | FX65: 14994 | FY65: 787 | FZ65: 363414 | GA65: - | GB65: 206278 | GC65: 1477307 | GD65: 24691 | GE65: - | GF65: 972039 | GG65: 25333155 | GH65: 110211831 | GI65: - | GJ65: - | GK65: - | GL65: 1340750 | GM65: 954138 | GN65: - | GO65: 112506719 | GP65: 137839874 | GQ65: 17774637 | GR65: - | GS65: - | GT65: 17774637 | GU65: - | GV65: - | GW65: - | GX65: - | GY65: - | GZ65: 120065237 | HA65: 137839874
B66: 61 | C66: Tepung Lainnya | D66: - | E66: - | F66: - | G66: - | H66: - | I66: - | J66: - | K66: - | L66: - | M66: - | N66: - | O66: - | P66: - | Q66: - | R66: - | S66: - | T66: - | U66: - | V66: - | W66: - | X66: - | Y66: - | Z66: - | AA66: - | AB66: - | AC66: - | AD66: - | AE66: - | AF66: - | AG66: - | AH66: - | AI66: - | AJ66: - | AK66: - | AL66: - | AM66: - | AN66: - | AO66: - | AP66: - | AQ66: - | AR66: - | AS66: - | AT66: - | AU66: - | AV66: - | AW66: - | AX66: - | AY66: - | AZ66: - | BA66: - | BB66: - | BC66: - | BD66: 114200 | BE66: - | BF66: - | BG66: 29546 | BH66: 163980 | BI66: 385640 | BJ66: - | BK66: 939127 | BL66: 470180 | BM66: 19614 | BN66: - | BO66: 5726239 | BP66: 651462 | BQ66: 182633 | BR66: 11051400 | BS66: - | BT66: - | BU66: 366817 | BV66: 1659366 | BW66: 1979207 | BX66: 2504 | BY66: 16164 | BZ66: - | CA66: - | CB66: - | CC66: - | CD66: - | CE66: - | CF66: - | CG66: - | CH66: 1370 | CI66: 33387 | CJ66: 409264 | CK66: 23683 | CL66: 18093 | CM66: 378451 | CN66: 11380 | CO66: - | CP66: - | CQ66: 499 | CR66: - | CS66: - | CT66: 4702 | CU66: - | CV66: - | CW66: - | CX66: - | CY66: - | CZ66: - | DA66: - | DB66: 199510 | DC66: - | DD66: 98841 | DE66: 23844 | DF66: - | DG66: - | DH66: - | DI66: - | DJ66: - | DK66: - | DL66: - | DM66: - | DN66: - | DO66: - | DP66: - | DQ66: - | DR66: - | DS66: - | DT66: - | DU66: - | DV66: - | DW66: - | DX66: - | DY66: - | DZ66: - | EA66: - | EB66: - | EC66: - | ED66: - | EE66: - | EF66: - | EG66: - | EH66: - | EI66: - | EJ66: - | EK66: - | EL66: - | EM66: - | EN66: 15898 | EO66: - | EP66: - | EQ66: - | ER66: - | ES66: - | ET66: - | EU66: - | EV66: - | EW66: - | EX66: - | EY66: - | EZ66: - | FA66: - | FB66: - | FC66: - | FD66: - | FE66: - | FF66: - | FG66: - | FH66: - | FI66: - | FJ66: - | FK66: 1233288 | FL66: 15973171 | FM66: - | FN66: - | FO66: - | FP66: - | FQ66: - | FR66: - | FS66: - | FT66: - | FU66: - | FV66: - | FW66: - | FX66: 8268 | FY66: 412 | FZ66: 118265 | GA66: - | GB66: 96106 | GC66: 1027608 | GD66: 5649 | GE66: - | GF66: 225912 | GG66: 43665680 | GH66: 4287715 | GI66: - | GJ66: - | GK66: - | GL66: 1862076 | GM66: 2615876 | GN66: - | GO66: 8765667 | GP66: 52431347 | GQ66: 12397759 | GR66: - | GS66: - | GT66: 12397759 | GU66: - | GV66: - | GW66: - | GX66: - | GY66: - | GZ66: 40033588 | HA66: 52431347
B67: 62 | C67: Tepung Terigu, Pati dan Produk Pati | D67: - | E67: - | F67: - | G67: - | H67: - | I67: - | J67: - | K67: - | L67: - | M67: - | N67: - | O67: - | P67: - | Q67: - | R67: - | S67: - | T67: - | U67: - | V67: - | W67: - | X67: - | Y67: - | Z67: - | AA67: - | AB67: - | AC67: - | AD67: - | AE67: - | AF67: - | AG67: - | AH67: - | AI67: - | AJ67: - | AK67: - | AL67: - | AM67: - | AN67: - | AO67: - | AP67: - | AQ67: - | AR67: - | AS67: - | AT67: - | AU67: - | AV67: - | AW67: - | AX67: - | AY67: - | AZ67: - | BA67: - | BB67: - | BC67: - | BD67: 50420 | BE67: - | BF67: - | BG67: 51926 | BH67: 388 | BI67: - | BJ67: - | BK67: 1705 | BL67: 9609 | BM67: 234499 | BN67: - | BO67: 7483587 | BP67: - | BQ67: 7067 | BR67: 3939237 | BS67: - | BT67: - | BU67: 1310017 | BV67: 776850 | BW67: 418911 | BX67: 488 | BY67: 2431 | BZ67: - | CA67: - | CB67: - | CC67: - | CD67: - | CE67: - | CF67: - | CG67: - | CH67: - | CI67: - | CJ67: - | CK67: - | CL67: - | CM67: - | CN67: - | CO67: - | CP67: - | CQ67: - | CR67: - | CS67: - | CT67: - | CU67: - | CV67: - | CW67: - | CX67: - | CY67: - | CZ67: - | DA67: - | DB67: 877 | DC67: - | DD67: - | DE67: - | DF67: - | DG67: - | DH67: - | DI67: - | DJ67: - | DK67: - | DL67: - | DM67: - | DN67: - | DO67: - | DP67: - | DQ67: - | DR67: - | DS67: - | DT67: - | DU67: - | DV67: - | DW67: - | DX67: - | DY67: - | DZ67: - | EA67: - | EB67: - | EC67: - | ED67: - | EE67: - | EF67: - | EG67: - | EH67: - | EI67: - | EJ67: - | EK67: - | EL67: - | EM67: - | EN67: 3050 | EO67: - | EP67: - | EQ67: - | ER67: - | ES67: - | ET67: - | EU67: - | EV67: - | EW67: - | EX67: - | EY67: - | EZ67: - | FA67: - | FB67: - | FC67: - | FD67: - | FE67: - | FF67: - | FG67: - | FH67: - | FI67: - | FJ67: - | FK67: 1376566 | FL67: 12831480 | FM67: - | FN67: - | FO67: - | FP67: - | FQ67: - | FR67: - | FS67: - | FT67: - | FU67: - | FV67: - | FW67: - | FX67: 801752 | FY67: 19713 | FZ67: 1121699 | GA67: 28149 | GB67: 214060 | GC67: 243431 | GD67: 22738 | GE67: - | GF67: 894069 | GG67: 31844719 | GH67: 7508464 | GI67: - | GJ67: - | GK67: - | GL67: -485317 | GM67: 1423951 | GN67: - | GO67: 8447098 | GP67: 40291817 | GQ67: 240008 | GR67: - | GS67: - | GT67: 240008 | GU67: - | GV67: - | GW67: - | GX67: - | GY67: - | GZ67: 40051809 | HA67: 40291817
B68: 63 | C68: Hasil Penggilingan Padi dan Penyosohan Beras | D68: - | E68: - | F68: - | G68: - | H68: - | I68: - | J68: - | K68: - | L68: - | M68: - | N68: - | O68: - | P68: - | Q68: - | R68: - | S68: - | T68: - | U68: - | V68: - | W68: - | X68: - | Y68: - | Z68: - | AA68: - | AB68: - | AC68: 133213 | AD68: 114264 | AE68: 1796660 | AF68: 667777 | AG68: 168132 | AH68: - | AI68: - | AJ68: 12802 | AK68: 35258 | AL68: 4161 | AM68: - | AN68: - | AO68: - | AP68: - | AQ68: - | AR68: - | AS68: - | AT68: - | AU68: - | AV68: - | AW68: - | AX68: - | AY68: - | AZ68: - | BA68: - | BB68: - | BC68: - | BD68: - | BE68: - | BF68: - | BG68: - | BH68: - | BI68: - | BJ68: - | BK68: - | BL68: 5110834 | BM68: - | BN68: 888893 | BO68: - | BP68: 164 | BQ68: - | BR68: - | BS68: - | BT68: - | BU68: - | BV68: 456182 | BW68: 909132 | BX68: 1252 | BY68: 6751 | BZ68: - | CA68: - | CB68: - | CC68: - | CD68: - | CE68: - | CF68: - | CG68: - | CH68: - | CI68: - | CJ68: - | CK68: - | CL68: - | CM68: - | CN68: - | CO68: - | CP68: - | CQ68: - | CR68: - | CS68: - | CT68: - | CU68: - | CV68: - | CW68: - | CX68: - | CY68: - | CZ68: - | DA68: - | DB68: - | DC68: - | DD68: - | DE68: 8350 | DF68: - | DG68: - | DH68: - | DI68: - | DJ68: - | DK68: - | DL68: - | DM68: - | DN68: - | DO68: - | DP68: - | DQ68: - | DR68: - | DS68: - | DT68: - | DU68: - | DV68: - | DW68: - | DX68: - | DY68: - | DZ68: - | EA68: - | EB68: - | EC68: - | ED68: - | EE68: - | EF68: - | EG68: - | EH68: - | EI68: - | EJ68: - | EK68: - | EL68: - | EM68: - | EN68: 1675 | EO68: - | EP68: - | EQ68: - | ER68: - | ES68: - | ET68: - | EU68: - | EV68: - | EW68: - | EX68: - | EY68: - | EZ68: - | FA68: - | FB68: - | FC68: - | FD68: - | FE68: - | FF68: 1092086 | FG68: - | FH68: - | FI68: - | FJ68: - | FK68: 5140468 | FL68: 97686662 | FM68: - | FN68: - | FO68: - | FP68: - | FQ68: - | FR68: - | FS68: - | FT68: - | FU68: - | FV68: - | FW68: - | FX68: 129054 | FY68: 7397 | FZ68: 3542961 | GA68: 10 | GB68: 728119 | GC68: 4221662 | GD68: 774442 | GE68: - | GF68: 4686195 | GG68: 128324556 | GH68: 251584330 | GI68: - | GJ68: 3958647 | GK68: - | GL68: 64225 | GM68: 8147 | GN68: - | GO68: 255615349 | GP68: 383939905 | GQ68: 2858032 | GR68: - | GS68: - | GT68: 2858032 | GU68: - | GV68: - | GW68: - | GX68: - | GY68: - | GZ68: 381081873 | HA68: 383939905
B69: 64 | C69: Roti, Biskuit dan Sejenisnya | D69: - | E69: - | F69: - | G69: - | H69: - | I69: - | J69: - | K69: - | L69: - | M69: - | N69: - | O69: - | P69: - | Q69: - | R69: - | S69: - | T69: - | U69: - | V69: - | W69: - | X69: - | Y69: - | Z69: - | AA69: - | AB69: - | AC69: 15966 | AD69: 4926 | AE69: 110222 | AF69: 4065 | AG69: - | AH69: - | AI69: - | AJ69: - | AK69: - | AL69: - | AM69: - | AN69: - | AO69: - | AP69: - | AQ69: - | AR69: - | AS69: - | AT69: - | AU69: - | AV69: - | AW69: - | AX69: - | AY69: - | AZ69: - | BA69: - | BB69: - | BC69: - | BD69: - | BE69: - | BF69: - | BG69: - | BH69: - | BI69: - | BJ69: - | BK69: 302846 | BL69: 70160 | BM69: - | BN69: - | BO69: - | BP69: - | BQ69: - | BR69: - | BS69: - | BT69: - | BU69: - | BV69: 5131 | BW69: - | BX69: - | BY69: 11865 | BZ69: - | CA69: - | CB69: - | CC69: - | CD69: - | CE69: - | CF69: - | CG69: - | CH69: - | CI69: - | CJ69: - | CK69: - | CL69: - | CM69: - | CN69: - | CO69: - | CP69: - | CQ69: - | CR69: - | CS69: - | CT69: - | CU69: - | CV69: - | CW69: - | CX69: - | CY69: - | CZ69: - | DA69: - | DB69: - | DC69: - | DD69: - | DE69: 117937 | DF69: - | DG69: - | DH69: - | DI69: - | DJ69: - | DK69: - | DL69: - | DM69: - | DN69: - | DO69: - | DP69: - | DQ69: - | DR69: - | DS69: - | DT69: - | DU69: - | DV69: - | DW69: - | DX69: - | DY69: - | DZ69: - | EA69: - | EB69: - | EC69: - | ED69: - | EE69: - | EF69: - | EG69: - | EH69: - | EI69: - | EJ69: - | EK69: - | EL69: - | EM69: - | EN69: - | EO69: - | EP69: - | EQ69: - | ER69: - | ES69: - | ET69: - | EU69: - | EV69: - | EW69: - | EX69: - | EY69: - | EZ69: - | FA69: - | FB69: - | FC69: - | FD69: 54502 | FE69: - | FF69: 1517862 | FG69: 226492 | FH69: 295449 | FI69: - | FJ69: - | FK69: 822339 | FL69: 7655487 | FM69: - | FN69: - | FO69: - | FP69: - | FQ69: - | FR69: - | FS69: - | FT69: - | FU69: - | FV69: - | FW69: - | FX69: 1380 | FY69: 106 | FZ69: 4009 | GA69: 274 | GB69: 254484 | GC69: 834377 | GD69: 18036 | GE69: - | GF69: 711443 | GG69: 13039358 | GH69: 57877692 | GI69: - | GJ69: - | GK69: - | GL69: -255812 | GM69: 8710008 | GN69: - | GO69: 66331888 | GP69: 79371246 | GQ69: 1410186 | GR69: 127044 | GS69: - | GT69: 1537230 | GU69: - | GV69: - | GW69: - | GX69: - | GY69: - | GZ69: 77834016 | HA69: 79371246
B70: 65 | C70: Gula | D70: - | E70: - | F70: - | G70: - | H70: - | I70: - | J70: - | K70: - | L70: - | M70: - | N70: - | O70: - | P70: - | Q70: - | R70: - | S70: - | T70: - | U70: - | V70: - | W70: - | X70: - | Y70: - | Z70: - | AA70: - | AB70: - | AC70: 4122 | AD70: 3583 | AE70: 179887 | AF70: 8595 | AG70: - | AH70: - | AI70: - | AJ70: - | AK70: - | AL70: - | AM70: - | AN70: - | AO70: - | AP70: - | AQ70: - | AR70: - | AS70: - | AT70: - | AU70: - | AV70: - | AW70: - | AX70: - | AY70: - | AZ70: - | BA70: - | BB70: - | BC70: - | BD70: 15745 | BE70: - | BF70: - | BG70: - | BH70: 1561256 | BI70: 5494 | BJ70: 95 | BK70: 2136578 | BL70: 853939 | BM70: - | BN70: - | BO70: 7330934 | BP70: 2042769 | BQ70: 4584782 | BR70: 53160 | BS70: 845300 | BT70: 1462081 | BU70: 7317940 | BV70: 4108993 | BW70: - | BX70: 132490 | BY70: 13638466 | BZ70: 380091 | CA70: 49169 | CB70: - | CC70: - | CD70: - | CE70: - | CF70: - | CG70: - | CH70: - | CI70: - | CJ70: - | CK70: - | CL70: - | CM70: - | CN70: - | CO70: - | CP70: - | CQ70: - | CR70: - | CS70: - | CT70: - | CU70: - | CV70: - | CW70: - | CX70: - | CY70: - | CZ70: - | DA70: 9105 | DB70: - | DC70: - | DD70: 560598 | DE70: 9882 | DF70: - | DG70: - | DH70: - | DI70: - | DJ70: - | DK70: - | DL70: - | DM70: - | DN70: - | DO70: - | DP70: - | DQ70: - | DR70: - | DS70: - | DT70: - | DU70: - | DV70: - | DW70: - | DX70: - | DY70: - | DZ70: - | EA70: - | EB70: - | EC70: - | ED70: - | EE70: - | EF70: - | EG70: - | EH70: - | EI70: - | EJ70: - | EK70: - | EL70: - | EM70: - | EN70: - | EO70: - | EP70: - | EQ70: - | ER70: - | ES70: - | ET70: - | EU70: - | EV70: - | EW70: - | EX70: - | EY70: - | EZ70: - | FA70: - | FB70: - | FC70: - | FD70: 20669 | FE70: - | FF70: 1268519 | FG70: - | FH70: 460600 | FI70: - | FJ70: - | FK70: 1193853 | FL70: 17702322 | FM70: - | FN70: - | FO70: - | FP70: - | FQ70: - | FR70: - | FS70: - | FT70: - | FU70: - | FV70: - | FW70: - | FX70: 494954 | FY70: 531192 | FZ70: 890140 | GA70: - | GB70: 145535 | GC70: 655044 | GD70: 10719 | GE70: - | GF70: 423608 | GG70: 71092209 | GH70: 31685466 | GI70: - | GJ70: - | GK70: - | GL70: 3209134 | GM70: 1309351 | GN70: - | GO70: 36203951 | GP70: 107296160 | GQ70: 30082101 | GR70: - | GS70: - | GT70: 30082101 | GU70: - | GV70: - | GW70: - | GX70: - | GY70: - | GZ70: 77214059 | HA70: 107296160
B71: 66 | C71: Coklat dan Kembang Gula | D71: - | E71: - | F71: - | G71: - | H71: - | I71: - | J71: - | K71: - | L71: - | M71: - | N71: - | O71: - | P71: - | Q71: - | R71: - | S71: - | T71: - | U71: - | V71: - | W71: - | X71: - | Y71: - | Z71: - | AA71: - | AB71: - | AC71: - | AD71: - | AE71: - | AF71: - | AG71: - | AH71: - | AI71: - | AJ71: - | AK71: - | AL71: - | AM71: - | AN71: - | AO71: - | AP71: - | AQ71: - | AR71: - | AS71: - | AT71: - | AU71: - | AV71: - | AW71: - | AX71: - | AY71: - | AZ71: - | BA71: - | BB71: - | BC71: - | BD71: - | BE71: - | BF71: - | BG71: - | BH71: 44684 | BI71: - | BJ71: - | BK71: 5532673 | BL71: 5986 | BM71: - | BN71: - | BO71: 253729 | BP71: - | BQ71: 2656457 | BR71: - | BS71: 123 | BT71: 20420 | BU71: 13232 | BV71: 755445 | BW71: - | BX71: - | BY71: 171491 | BZ71: - | CA71: - | CB71: - | CC71: - | CD71: - | CE71: - | CF71: - | CG71: - | CH71: - | CI71: - | CJ71: - | CK71: - | CL71: - | CM71: - | CN71: - | CO71: - | CP71: - | CQ71: - | CR71: - | CS71: - | CT71: - | CU71: - | CV71: - | CW71: - | CX71: - | CY71: - | CZ71: - | DA71: - | DB71: 11536 | DC71: - | DD71: 595258 | DE71: 8483 | DF71: - | DG71: - | DH71: - | DI71: - | DJ71: - | DK71: - | DL71: - | DM71: - | DN71: - | DO71: - | DP71: - | DQ71: - | DR71: - | DS71: - | DT71: - | DU71: - | DV71: - | DW71: - | DX71: - | DY71: - | DZ71: - | EA71: - | EB71: - | EC71: - | ED71: - | EE71: - | EF71: - | EG71: - | EH71: - | EI71: - | EJ71: - | EK71: - | EL71: - | EM71: - | EN71: - | EO71: - | EP71: - | EQ71: - | ER71: - | ES71: - | ET71: - | EU71: - | EV71: - | EW71: - | EX71: - | EY71: - | EZ71: - | FA71: - | FB71: - | FC71: - | FD71: 1205 | FE71: - | FF71: 678616 | FG71: 203814 | FH71: 162184 | FI71: - | FJ71: - | FK71: 221609 | FL71: 7495374 | FM71: - | FN71: - | FO71: - | FP71: - | FQ71: - | FR71: - | FS71: - | FT71: - | FU71: - | FV71: - | FW71: - | FX71: 65473 | FY71: 3461 | FZ71: 41679 | GA71: - | GB71: 108636 | GC71: 558208 | GD71: 8378 | GE71: - | GF71: 328651 | GG71: 19946805 | GH71: 4051729 | GI71: - | GJ71: - | GK71: - | GL71: 3881 | GM71: 15928681 | GN71: - | GO71: 19984291 | GP71: 39931096 | GQ71: 3136672 | GR71: 65141 | GS71: - | GT71: 3201813 | GU71: - | GV71: - | GW71: - | GX71: - | GY71: - | GZ71: 36729283 | HA71: 39931096
B72: 67 | C72: Mie, Macaroni dan Sejenisnya | D72: - | E72: - | F72: - | G72: - | H72: - | I72: - | J72: - | K72: - | L72: - | M72: - | N72: - | O72: - | P72: - | Q72: - | R72: - | S72: - | T72: - | U72: - | V72: - | W72: - | X72: - | Y72: - | Z72: - | AA72: - | AB72: - | AC72: - | AD72: - | AE72: - | AF72: - | AG72: - | AH72: - | AI72: - | AJ72: - | AK72: - | AL72: - | AM72: - | AN72: - | AO72: - | AP72: - | AQ72: - | AR72: - | AS72: - | AT72: - | AU72: - | AV72: - | AW72: - | AX72: - | AY72: - | AZ72: - | BA72: - | BB72: - | BC72: - | BD72: - | BE72: - | BF72: - | BG72: - | BH72: 19131 | BI72: - | BJ72: - | BK72: - | BL72: - | BM72: - | BN72: - | BO72: 945 | BP72: - | BQ72: - | BR72: 19119 | BS72: - | BT72: - | BU72: - | BV72: 395446 | BW72: - | BX72: - | BY72: - | BZ72: - | CA72: - | CB72: - | CC72: - | CD72: - | CE72: - | CF72: - | CG72: - | CH72: - | CI72: - | CJ72: - | CK72: - | CL72: - | CM72: - | CN72: - | CO72: - | CP72: - | CQ72: - | CR72: - | CS72: - | CT72: - | CU72: - | CV72: - | CW72: - | CX72: - | CY72: - | CZ72: - | DA72: - | DB72: - | DC72: - | DD72: - | DE72: - | DF72: - | DG72: - | DH72: - | DI72: - | DJ72: - | DK72: - | DL72: - | DM72: - | DN72: - | DO72: - | DP72: - | DQ72: - | DR72: - | DS72: - | DT72: - | DU72: - | DV72: - | DW72: - | DX72: - | DY72: - | DZ72: - | EA72: - | EB72: - | EC72: - | ED72: - | EE72: - | EF72: - | EG72: - | EH72: - | EI72: - | EJ72: - | EK72: - | EL72: - | EM72: - | EN72: - | EO72: - | EP72: - | EQ72: - | ER72: - | ES72: - | ET72: - | EU72: - | EV72: - | EW72: - | EX72: - | EY72: - | EZ72: - | FA72: - | FB72: - | FC72: - | FD72: - | FE72: - | FF72: 37091 | FG72: - | FH72: - | FI72: - | FJ72: - | FK72: 332129 | FL72: 10989440 | FM72: - | FN72: - | FO72: - | FP72: - | FQ72: - | FR72: - | FS72: - | FT72: - | FU72: - | FV72: - | FW72: - | FX72: - | FY72: 174 | FZ72: 564562 | GA72: - | GB72: 73817 | GC72: 9278 | GD72: 609 | GE72: - | GF72: 23986 | GG72: 12465727 | GH72: 36808066 | GI72: - | GJ72: - | GK72: - | GL72: 1261813 | GM72: 3992178 | GN72: - | GO72: 42062057 | GP72: 54527784 | GQ72: 510195 | GR72: 105673 | GS72: - | GT72: 615868 | GU72: - | GV72: - | GW72: - | GX72: - | GY72: - | GZ72: 53911916 | HA72: 54527784
B73: 68 | C73: Kopi Olahan | D73: - | E73: - | F73: - | G73: - | H73: - | I73: - | J73: - | K73: - | L73: - | M73: - | N73: - | O73: - | P73: - | Q73: - | R73: - | S73: - | T73: - | U73: - | V73: - | W73: - | X73: - | Y73: - | Z73: - | AA73: - | AB73: - | AC73: - | AD73: - | AE73: - | AF73: - | AG73: - | AH73: - | AI73: - | AJ73: - | AK73: - | AL73: - | AM73: - | AN73: - | AO73: - | AP73: - | AQ73: - | AR73: - | AS73: - | AT73: - | AU73: - | AV73: - | AW73: - | AX73: - | AY73: - | AZ73: - | BA73: - | BB73: - | BC73: - | BD73: - | BE73: - | BF73: - | BG73: - | BH73: - | BI73: - | BJ73: - | BK73: - | BL73: - | BM73: - | BN73: - | BO73: - | BP73: - | BQ73: 2478 | BR73: - | BS73: 497 | BT73: 83238 | BU73: - | BV73: 13729 | BW73: - | BX73: - | BY73: 413380 | BZ73: 1719808 | CA73: 61524 | CB73: - | CC73: - | CD73: - | CE73: - | CF73: - | CG73: - | CH73: - | CI73: - | CJ73: - | CK73: - | CL73: - | CM73: - | CN73: - | CO73: - | CP73: - | CQ73: - | CR73: - | CS73: - | CT73: - | CU73: - | CV73: - | CW73: - | CX73: - | CY73: - | CZ73: - | DA73: 188 | DB73: 224 | DC73: - | DD73: 4235 | DE73: 6948 | DF73: - | DG73: - | DH73: - | DI73: - | DJ73: - | DK73: - | DL73: - | DM73: - | DN73: - | DO73: - | DP73: - | DQ73: - | DR73: - | DS73: - | DT73: - | DU73: - | DV73: - | DW73: - | DX73: - | DY73: - | DZ73: - | EA73: - | EB73: - | EC73: - | ED73: - | EE73: - | EF73: - | EG73: - | EH73: - | EI73: - | EJ73: - | EK73: - | EL73: - | EM73: - | EN73: - | EO73: - | EP73: - | EQ73: - | ER73: - | ES73: - | ET73: - | EU73: - | EV73: - | EW73: - | EX73: - | EY73: - | EZ73: - | FA73: - | FB73: - | FC73: - | FD73: 14408 | FE73: - | FF73: 1925401 | FG73: 356673 | FH73: 220176 | FI73: - | FJ73: - | FK73: 908304 | FL73: 11088389 | FM73: - | FN73: - | FO73: - | FP73: - | FQ73: - | FR73: - | FS73: - | FT73: - | FU73: - | FV73: - | FW73: - | FX73: 576 | FY73: 87 | FZ73: 20099 | GA73: - | GB73: 36964 | GC73: 5643 | GD73: 63 | GE73: - | GF73: 2516 | GG73: 16885548 | GH73: 28359191 | GI73: - | GJ73: - | GK73: - | GL73: 242083 | GM73: 7559923 | GN73: - | GO73: 36161197 | GP73: 53046745 | GQ73: 1416169 | GR73: 94167 | GS73: - | GT73: 1510336 | GU73: - | GV73: - | GW73: - | GX73: - | GY73: - | GZ73: 51536409 | HA73: 53046745
B74: 69 | C74: Teh Olahan | D74: - | E74: - | F74: - | G74: - | H74: - | I74: - | J74: - | K74: - | L74: - | M74: - | N74: - | O74: - | P74: - | Q74: - | R74: - | S74: - | T74: - | U74: - | V74: - | W74: - | X74: - | Y74: - | Z74: - | AA74: - | AB74: - | AC74: - | AD74: - | AE74: - | AF74: - | AG74: - | AH74: - | AI74: - | AJ74: - | AK74: - | AL74: - | AM74: - | AN74: - | AO74: - | AP74: - | AQ74: - | AR74: - | AS74: - | AT74: - | AU74: - | AV74: - | AW74: - | AX74: - | AY74: - | AZ74: - | BA74: - | BB74: - | BC74: - | BD74: - | BE74: - | BF74: - | BG74: - | BH74: - | BI74: - | BJ74: - | BK74: - | BL74: - | BM74: - | BN74: - | BO74: - | BP74: - | BQ74: - | BR74: - | BS74: 1154 | BT74: 615567 | BU74: - | BV74: 6796 | BW74: - | BX74: - | BY74: 1007853 | BZ74: 419366 | CA74: 28695 | CB74: - | CC74: - | CD74: - | CE74: - | CF74: - | CG74: - | CH74: - | CI74: - | CJ74: - | CK74: - | CL74: - | CM74: - | CN74: - | CO74: - | CP74: - | CQ74: - | CR74: - | CS74: - | CT74: - | CU74: - | CV74: - | CW74: - | CX74: - | CY74: - | CZ74: - | DA74: 1260 | DB74: - | DC74: - | DD74: 21471 | DE74: 9954 | DF74: - | DG74: - | DH74: - | DI74: - | DJ74: - | DK74: - | DL74: - | DM74: - | DN74: - | DO74: - | DP74: - | DQ74: - | DR74: - | DS74: - | DT74: - | DU74: - | DV74: - | DW74: - | DX74: - | DY74: - | DZ74: - | EA74: - | EB74: - | EC74: - | ED74: - | EE74: - | EF74: - | EG74: - | EH74: - | EI74: - | EJ74: - | EK74: - | EL74: - | EM74: - | EN74: - | EO74: - | EP74: - | EQ74: - | ER74: - | ES74: - | ET74: - | EU74: - | EV74: - | EW74: - | EX74: - | EY74: - | EZ74: - | FA74: - | FB74: - | FC74: - | FD74: 2308 | FE74: - | FF74: 519828 | FG74: 163414 | FH74: 107469 | FI74: - | FJ74: - | FK74: 534212 | FL74: 6007254 | FM74: - | FN74: - | FO74: - | FP74: - | FQ74: - | FR74: - | FS74: - | FT74: - | FU74: - | FV74: - | FW74: - | FX74: 15815 | FY74: 830 | FZ74: 146558 | GA74: - | GB74: 72831 | GC74: 140817 | GD74: 2525 | GE74: - | GF74: 99543 | GG74: 9925520 | GH74: 19764484 | GI74: - | GJ74: - | GK74: - | GL74: -35336 | GM74: 1127301 | GN74: - | GO74: 20856449 | GP74: 30781969 | GQ74: 590415 | GR74: 30800 | GS74: - | GT74: 621215 | GU74: - | GV74: - | GW74: - | GX74: - | GY74: - | GZ74: 30160754 | HA74: 30781969
B75: 70 | C75: Kedele Olahan | D75: - | E75: - | F75: - | G75: - | H75: - | I75: - | J75: - | K75: - | L75: - | M75: - | N75: - | O75: - | P75: - | Q75: - | R75: - | S75: - | T75: - | U75: - | V75: - | W75: - | X75: - | Y75: - | Z75: - | AA75: - | AB75: - | AC75: - | AD75: - | AE75: - | AF75: - | AG75: - | AH75: - | AI75: - | AJ75: 2138 | AK75: - | AL75: - | AM75: - | AN75: - | AO75: - | AP75: - | AQ75: - | AR75: - | AS75: - | AT75: - | AU75: - | AV75: - | AW75: - | AX75: - | AY75: - | AZ75: - | BA75: - | BB75: - | BC75: - | BD75: - | BE75: - | BF75: - | BG75: 92760 | BH75: 169541 | BI75: - | BJ75: - | BK75: 4946 | BL75: - | BM75: - | BN75: - | BO75: - | BP75: - | BQ75: - | BR75: 972579 | BS75: - | BT75: - | BU75: 6910647 | BV75: 1143935 | BW75: - | BX75: - | BY75: 36137 | BZ75: - | CA75: - | CB75: - | CC75: - | CD75: - | CE75: - | CF75: - | CG75: - | CH75: - | CI75: - | CJ75: - | CK75: - | CL75: - | CM75: - | CN75: - | CO75: - | CP75: - | CQ75: - | CR75: - | CS75: - | CT75: - | CU75: - | CV75: - | CW75: - | CX75: - | CY75: - | CZ75: - | DA75: - | DB75: - | DC75: - | DD75: - | DE75: - | DF75: - | DG75: - | DH75: - | DI75: - | DJ75: - | DK75: - | DL75: - | DM75: - | DN75: - | DO75: - | DP75: - | DQ75: - | DR75: - | DS75: - | DT75: - | DU75: - | DV75: - | DW75: - | DX75: - | DY75: - | DZ75: - | EA75: - | EB75: - | EC75: - | ED75: - | EE75: - | EF75: - | EG75: - | EH75: - | EI75: - | EJ75: - | EK75: - | EL75: - | EM75: - | EN75: - | EO75: - | EP75: - | EQ75: - | ER75: - | ES75: - | ET75: - | EU75: - | EV75: - | EW75: - | EX75: - | EY75: - | EZ75: - | FA75: - | FB75: - | FC75: - | FD75: - | FE75: - | FF75: 121663 | FG75: - | FH75: - | FI75: - | FJ75: - | FK75: 663416 | FL75: 6537192 | FM75: - | FN75: - | FO75: - | FP75: - | FQ75: - | FR75: - | FS75: - | FT75: - | FU75: - | FV75: - | FW75: - | FX75: 103 | FY75: 1585 | FZ75: 770381 | GA75: 186 | GB75: 51084 | GC75: 100884 | GD75: 25024 | GE75: - | GF75: 191926 | GG75: 17796127 | GH75: 77149564 | GI75: - | GJ75: - | GK75: - | GL75: 61325 | GM75: 3000094 | GN75: - | GO75: 80210983 | GP75: 98007110 | GQ75: 1348710 | GR75: 10003 | GS75: - | GT75: 1358713 | GU75: - | GV75: - | GW75: - | GX75: - | GY75: - | GZ75: 96648397 | HA75: 98007110
B76: 71 | C76: Makanan Lainnya | D76: - | E76: - | F76: - | G76: - | H76: - | I76: - | J76: - | K76: - | L76: - | M76: - | N76: - | O76: - | P76: - | Q76: - | R76: - | S76: - | T76: - | U76: - | V76: - | W76: - | X76: - | Y76: - | Z76: - | AA76: - | AB76: - | AC76: - | AD76: - | AE76: - | AF76: - | AG76: - | AH76: - | AI76: - | AJ76: - | AK76: - | AL76: - | AM76: - | AN76: - | AO76: - | AP76: - | AQ76: - | AR76: - | AS76: - | AT76: - | AU76: - | AV76: - | AW76: - | AX76: - | AY76: - | AZ76: - | BA76: - | BB76: - | BC76: - | BD76: 25749 | BE76: - | BF76: - | BG76: - | BH76: 37771 | BI76: 85700 | BJ76: - | BK76: 1498729 | BL76: 11114 | BM76: - | BN76: - | BO76: 1421743 | BP76: - | BQ76: 12560 | BR76: 168190 | BS76: 9260 | BT76: 12332 | BU76: 3134038 | BV76: 7239169 | BW76: - | BX76: 385 | BY76: 2085 | BZ76: 35439 | CA76: 667 | CB76: - | CC76: - | CD76: - | CE76: - | CF76: - | CG76: - | CH76: - | CI76: - | CJ76: - | CK76: - | CL76: - | CM76: - | CN76: - | CO76: - | CP76: - | CQ76: - | CR76: - | CS76: - | CT76: - | CU76: - | CV76: - | CW76: - | CX76: - | CY76: - | CZ76: - | DA76: 237 | DB76: - | DC76: - | DD76: 118087 | DE76: 59853 | DF76: - | DG76: - | DH76: - | DI76: - | DJ76: - | DK76: - | DL76: - | DM76: - | DN76: - | DO76: - | DP76: - | DQ76: - | DR76: - | DS76: - | DT76: - | DU76: - | DV76: - | DW76: - | DX76: - | DY76: - | DZ76: - | EA76: - | EB76: - | EC76: - | ED76: - | EE76: - | EF76: - | EG76: - | EH76: - | EI76: - | EJ76: - | EK76: - | EL76: - | EM76: - | EN76: - | EO76: - | EP76: - | EQ76: - | ER76: - | ES76: - | ET76: - | EU76: - | EV76: - | EW76: - | EX76: - | EY76: - | EZ76: - | FA76: - | FB76: - | FC76: - | FD76: - | FE76: - | FF76: 48507 | FG76: - | FH76: - | FI76: - | FJ76: - | FK76: 106385 | FL76: 5265161 | FM76: - | FN76: - | FO76: - | FP76: - | FQ76: - | FR76: - | FS76: - | FT76: - | FU76: - | FV76: - | FW76: - | FX76: 11293740 | FY76: 4130851 | FZ76: 23190083 | GA76: 71 | GB76: 1667815 | GC76: 937997 | GD76: 8763 | GE76: - | GF76: 360583 | GG76: 60883064 | GH76: 170882929 | GI76: - | GJ76: - | GK76: - | GL76: 8806423 | GM76: 7768460 | GN76: - | GO76: 187457812 | GP76: 248340876 | GQ76: 14826003 | GR76: - | GS76: - | GT76: 14826003 | GU76: - | GV76: - | GW76: - | GX76: - | GY76: - | GZ76: 233514873 | HA76: 248340876
B77: 72 | C77: Makanan Hewan Olahan | D77: - | E77: - | F77: - | G77: - | H77: - | I77: - | J77: - | K77: - | L77: - | M77: - | N77: - | O77: - | P77: - | Q77: - | R77: - | S77: - | T77: - | U77: - | V77: - | W77: - | X77: - | Y77: - | Z77: - | AA77: - | AB77: - | AC77: 14450621 | AD77: 3211525 | AE77: 44676550 | AF77: 3970067 | AG77: 645107 | AH77: 945 | AI77: 263 | AJ77: 11923036 | AK77: 2204062 | AL77: 483666 | AM77: - | AN77: - | AO77: - | AP77: - | AQ77: - | AR77: - | AS77: - | AT77: - | AU77: - | AV77: - | AW77: - | AX77: - | AY77: - | AZ77: - | BA77: - | BB77: - | BC77: - | BD77: - | BE77: - | BF77: - | BG77: - | BH77: - | BI77: - | BJ77: - | BK77: - | BL77: - | BM77: - | BN77: - | BO77: - | BP77: - | BQ77: - | BR77: - | BS77: - | BT77: - | BU77: - | BV77: - | BW77: - | BX77: - | BY77: - | BZ77: - | CA77: - | CB77: - | CC77: - | CD77: - | CE77: - | CF77: - | CG77: - | CH77: - | CI77: - | CJ77: - | CK77: - | CL77: - | CM77: - | CN77: - | CO77: - | CP77: - | CQ77: - | CR77: - | CS77: - | CT77: - | CU77: - | CV77: - | CW77: - | CX77: - | CY77: - | CZ77: - | DA77: - | DB77: - | DC77: - | DD77: - | DE77: - | DF77: - | DG77: - | DH77: - | DI77: - | DJ77: - | DK77: - | DL77: - | DM77: - | DN77: - | DO77: - | DP77: - | DQ77: - | DR77: - | DS77: - | DT77: - | DU77: - | DV77: - | DW77: - | DX77: - | DY77: - | DZ77: - | EA77: - | EB77: - | EC77: - | ED77: - | EE77: - | EF77: - | EG77: - | EH77: - | EI77: - | EJ77: - | EK77: - | EL77: - | EM77: - | EN77: - | EO77: - | EP77: - | EQ77: - | ER77: - | ES77: - | ET77: - | EU77: - | EV77: - | EW77: - | EX77: - | EY77: - | EZ77: - | FA77: - | FB77: - | FC77: - | FD77: - | FE77: 1238 | FF77: - | FG77: - | FH77: - | FI77: - | FJ77: - | FK77: 84152 | FL77: 17410 | FM77: - | FN77: - | FO77: - | FP77: - | FQ77: - | FR77: - | FS77: - | FT77: - | FU77: - | FV77: - | FW77: - | FX77: 763711 | FY77: - | FZ77: 19814 | GA77: 6127 | GB77: 65960 | GC77: 368799 | GD77: 1006222 | GE77: - | GF77: 319781 | GG77: 84219056 | GH77: 9491969 | GI77: - | GJ77: - | GK77: - | GL77: 54789 | GM77: 1013424 | GN77: - | GO77: 10560182 | GP77: 94779238 | GQ77: 5049438 | GR77: - | GS77: - | GT77: 5049438 | GU77: - | GV77: - | GW77: - | GX77: - | GY77: - | GZ77: 89729800 | HA77: 94779238
B78: 73 | C78: Minuman Beralkohol | D78: - | E78: - | F78: - | G78: - | H78: - | I78: - | J78: - | K78: - | L78: - | M78: - | N78: - | O78: - | P78: - | Q78: - | R78: - | S78: - | T78: - | U78: - | V78: - | W78: - | X78: - | Y78: - | Z78: - | AA78: - | AB78: - | AC78: - | AD78: - | AE78: - | AF78: - | AG78: - | AH78: - | AI78: - | AJ78: - | AK78: - | AL78: - | AM78: - | AN78: - | AO78: - | AP78: - | AQ78: - | AR78: - | AS78: - | AT78: - | AU78: - | AV78: - | AW78: - | AX78: - | AY78: - | AZ78: - | BA78: - | BB78: - | BC78: - | BD78: - | BE78: - | BF78: - | BG78: - | BH78: - | BI78: - | BJ78: - | BK78: - | BL78: - | BM78: - | BN78: - | BO78: - | BP78: 428 | BQ78: - | BR78: - | BS78: - | BT78: - | BU78: - | BV78: 4417 | BW78: - | BX78: 7262 | BY78: - | BZ78: - | CA78: - | CB78: - | CC78: - | CD78: - | CE78: - | CF78: - | CG78: - | CH78: - | CI78: - | CJ78: - | CK78: - | CL78: - | CM78: - | CN78: - | CO78: - | CP78: - | CQ78: - | CR78: - | CS78: - | CT78: - | CU78: - | CV78: - | CW78: - | CX78: - | CY78: - | CZ78: - | DA78: - | DB78: - | DC78: - | DD78: - | DE78: - | DF78: - | DG78: - | DH78: - | DI78: - | DJ78: - | DK78: - | DL78: - | DM78: - | DN78: - | DO78: - | DP78: - | DQ78: - | DR78: - | DS78: - | DT78: - | DU78: - | DV78: - | DW78: - | DX78: - | DY78: - | DZ78: - | EA78: - | EB78: - | EC78: - | ED78: - | EE78: - | EF78: - | EG78: - | EH78: - | EI78: - | EJ78: - | EK78: - | EL78: - | EM78: - | EN78: - | EO78: - | EP78: - | EQ78: - | ER78: - | ES78: - | ET78: - | EU78: - | EV78: - | EW78: - | EX78: - | EY78: - | EZ78: - | FA78: - | FB78: - | FC78: - | FD78: - | FE78: - | FF78: 11817 | FG78: - | FH78: 158740 | FI78: 17684 | FJ78: 6310 | FK78: 429933 | FL78: 2234615 | FM78: - | FN78: - | FO78: - | FP78: - | FQ78: - | FR78: - | FS78: - | FT78: - | FU78: - | FV78: - | FW78: - | FX78: - | FY78: - | FZ78: - | GA78: - | GB78: 13502 | GC78: 5 | GD78: 654621 | GE78: - | GF78: 3540 | GG78: 3542874 | GH78: 8649522 | GI78: - | GJ78: - | GK78: - | GL78: 398431 | GM78: 574377 | GN78: 179863 | GO78: 9802193 | GP78: 13345067 | GQ78: 3502202 | GR78: - | GS78: - | GT78: 3502202 | GU78: - | GV78: - | GW78: - | GX78: - | GY78: - | GZ78: 9842865 | HA78: 13345067
B79: 74 | C79: Minuman Tak Beralkohol | D79: 2268 | E79: 87 | F79: 19 | G79: 50 | H79: 3 | I79: 96 | J79: 47 | K79: 25 | L79: 13 | M79: 13149 | N79: 1255 | O79: 208 | P79: 4378 | Q79: 26 | R79: 1192 | S79: 767 | T79: 480 | U79: 66719 | V79: 114 | W79: 10014 | X79: 22 | Y79: 750 | Z79: 374 | AA79: 556 | AB79: 163 | AC79: 9795 | AD79: 660 | AE79: 2117 | AF79: 1462 | AG79: 33354 | AH79: 1569 | AI79: 528 | AJ79: 73118 | AK79: 8348 | AL79: 1500 | AM79: 2882 | AN79: 3818 | AO79: 255 | AP79: 1024 | AQ79: 653 | AR79: 945 | AS79: 5 | AT79: 3069 | AU79: 141 | AV79: 355 | AW79: 5865 | AX79: 130 | AY79: 290612 | AZ79: 57 | BA79: 32 | BB79: 693 | BC79: 3131 | BD79: 37249 | BE79: 6607 | BF79: 7031 | BG79: 175 | BH79: 1976 | BI79: 320458 | BJ79: 4350 | BK79: 32166 | BL79: 16903 | BM79: 12208 | BN79: 26 | BO79: 80 | BP79: 160855 | BQ79: 25260 | BR79: 11639 | BS79: 43833 | BT79: 1352 | BU79: 24923 | BV79: 952716 | BW79: 15791 | BX79: - | BY79: 3575 | BZ79: - | CA79: 92 | CB79: 52 | CC79: 125 | CD79: 372 | CE79: 20 | CF79: 28 | CG79: 191 | CH79: 22 | CI79: 18470 | CJ79: 112144 | CK79: 56430 | CL79: 143893 | CM79: 67387 | CN79: 25629 | CO79: 67852 | CP79: 44035 | CQ79: 147459 | CR79: 28190 | CS79: 6149 | CT79: 60169 | CU79: 1618463 | CV79: 104380 | CW79: 635218 | CX79: 109202 | CY79: 9094 | CZ79: 1847 | DA79: 3197 | DB79: 54154 | DC79: 128109 | DD79: 203707 | DE79: 56460 | DF79: 2480 | DG79: 1025 | DH79: 640 | DI79: 23343 | DJ79: 13679 | DK79: 2746 | DL79: 3122 | DM79: 10567 | DN79: 10564 | DO79: 1162 | DP79: 4411 | DQ79: 13027 | DR79: 343 | DS79: 2025 | DT79: 4136 | DU79: 5729 | DV79: 777 | DW79: 933 | DX79: 472 | DY79: 1267 | DZ79: 1045 | EA79: 45 | EB79: 92 | EC79: 37 | ED79: 372 | EE79: 89 | EF79: 68 | EG79: 570 | EH79: 172 | EI79: 567 | EJ79: 1839 | EK79: 759 | EL79: 487 | EM79: 4691 | EN79: 1618 | EO79: 4087 | EP79: 264 | EQ79: 3467 | ER79: 2967 | ES79: 530 | ET79: 113029 | EU79: 175443 | EV79: 7852 | EW79: 775 | EX79: 3373 | EY79: 4148 | EZ79: 6972 | FA79: 195353 | FB79: 156180 | FC79: 788839 | FD79: 53509 | FE79: 2429724 | FF79: 852345 | FG79: 274259 | FH79: 985573 | FI79: 868370 | FJ79: 194277 | FK79: 911379 | FL79: 6814583 | FM79: 798770 | FN79: 93156 | FO79: 173420 | FP79: 222596 | FQ79: 1010835 | FR79: 197647 | FS79: 15 | FT79: 45865 | FU79: 64670 | FV79: 32591 | FW79: 3002745 | FX79: 399120 | FY79: 62804 | FZ79: 455982 | GA79: 4778 | GB79: 579885 | GC79: 2920531 | GD79: 678665 | GE79: 824 | GF79: 3065045 | GG79: 34702747 | GH79: 65490696 | GI79: - | GJ79: - | GK79: - | GL79: 72438 | GM79: 983889 | GN79: - | GO79: 66547023 | GP79: 101249770 | GQ79: 1338392 | GR79: - | GS79: - | GT79: 1338392 | GU79: - | GV79: - | GW79: - | GX79: - | GY79: - | GZ79: 99911378 | HA79: 101249770
B80: 75 | C80: Rokok | D80: - | E80: - | F80: - | G80: - | H80: - | I80: - | J80: - | K80: - | L80: - | M80: - | N80: - | O80: - | P80: - | Q80: - | R80: - | S80: - | T80: - | U80: - | V80: - | W80: - | X80: - | Y80: - | Z80: - | AA80: - | AB80: - | AC80: - | AD80: - | AE80: - | AF80: - | AG80: - | AH80: - | AI80: - | AJ80: - | AK80: - | AL80: - | AM80: - | AN80: - | AO80: - | AP80: - | AQ80: - | AR80: - | AS80: - | AT80: - | AU80: - | AV80: - | AW80: - | AX80: - | AY80: - | AZ80: - | BA80: - | BB80: - | BC80: - | BD80: - | BE80: - | BF80: - | BG80: - | BH80: - | BI80: - | BJ80: - | BK80: - | BL80: - | BM80: - | BN80: - | BO80: - | BP80: - | BQ80: - | BR80: - | BS80: - | BT80: - | BU80: - | BV80: - | BW80: - | BX80: - | BY80: - | BZ80: 1465949 | CA80: - | CB80: - | CC80: - | CD80: - | CE80: - | CF80: - | CG80: - | CH80: - | CI80: - | CJ80: - | CK80: - | CL80: - | CM80: - | CN80: - | CO80: - | CP80: - | CQ80: - | CR80: - | CS80: - | CT80: - | CU80: - | CV80: - | CW80: - | CX80: - | CY80: - | CZ80: - | DA80: - | DB80: - | DC80: - | DD80: - | DE80: - | DF80: - | DG80: - | DH80: - | DI80: - | DJ80: - | DK80: - | DL80: - | DM80: - | DN80: - | DO80: - | DP80: - | DQ80: - | DR80: - | DS80: - | DT80: - | DU80: - | DV80: - | DW80: - | DX80: - | DY80: - | DZ80: - | EA80: - | EB80: - | EC80: - | ED80: - | EE80: - | EF80: - | EG80: - | EH80: - | EI80: - | EJ80: - | EK80: - | EL80: - | EM80: - | EN80: - | EO80: - | EP80: - | EQ80: - | ER80: - | ES80: - | ET80: - | EU80: - | EV80: - | EW80: - | EX80: - | EY80: - | EZ80: - | FA80: - | FB80: - | FC80: - | FD80: - | FE80: - | FF80: - | FG80: - | FH80: - | FI80: - | FJ80: - | FK80: - | FL80: - | FM80: - | FN80: - | FO80: - | FP80: - | FQ80: - | FR80: - | FS80: - | FT80: - | FU80: - | FV80: - | FW80: - | FX80: - | FY80: - | FZ80: - | GA80: - | GB80: 1553 | GC80: - | GD80: 57 | GE80: - | GF80: 6333 | GG80: 1473892 | GH80: 216337264 | GI80: - | GJ80: - | GK80: - | GL80: 3187422 | GM80: 11920416 | GN80: 422748 | GO80: 231867850 | GP80: 233341742 | GQ80: 749026 | GR80: 72882 | GS80: - | GT80: 821908 | GU80: - | GV80: - | GW80: - | GX80: - | GY80: - | GZ80: 232519834 | HA80: 233341742
B81: 76 | C81: Tembakau Olahan | D81: - | E81: - | F81: - | G81: - | H81: - | I81: - | J81: - | K81: - | L81: - | M81: - | N81: - | O81: - | P81: - | Q81: - | R81: - | S81: - | T81: - | U81: - | V81: - | W81: - | X81: - | Y81: - | Z81: - | AA81: - | AB81: - | AC81: - | AD81: - | AE81: - | AF81: - | AG81: - | AH81: - | AI81: - | AJ81: - | AK81: - | AL81: - | AM81: - | AN81: - | AO81: - | AP81: - | AQ81: - | AR81: - | AS81: - | AT81: - | AU81: - | AV81: - | AW81: - | AX81: - | AY81: - | AZ81: - | BA81: - | BB81: - | BC81: - | BD81: - | BE81: - | BF81: - | BG81: - | BH81: - | BI81: - | BJ81: - | BK81: - | BL81: - | BM81: - | BN81: - | BO81: - | BP81: - | BQ81: - | BR81: - | BS81: - | BT81: - | BU81: - | BV81: - | BW81: - | BX81: - | BY81: - | BZ81: 15851560 | CA81: 1011862 | CB81: - | CC81: - | CD81: - | CE81: - | CF81: - | CG81: - | CH81: - | CI81: - | CJ81: - | CK81: - | CL81: - | CM81: - | CN81: - | CO81: - | CP81: - | CQ81: - | CR81: - | CS81: - | CT81: - | CU81: - | CV81: - | CW81: - | CX81: - | CY81: - | CZ81: - | DA81: - | DB81: - | DC81: - | DD81: - | DE81: - | DF81: - | DG81: - | DH81: - | DI81: - | DJ81: - | DK81: - | DL81: - | DM81: - | DN81: - | DO81: - | DP81: - | DQ81: - | DR81: - | DS81: - | DT81: - | DU81: - | DV81: - | DW81: - | DX81: - | DY81: - | DZ81: - | EA81: - | EB81: - | EC81: - | ED81: - | EE81: - | EF81: - | EG81: - | EH81: - | EI81: - | EJ81: - | EK81: - | EL81: - | EM81: - | EN81: - | EO81: - | EP81: - | EQ81: - | ER81: - | ES81: - | ET81: - | EU81: - | EV81: - | EW81: - | EX81: - | EY81: - | EZ81: - | FA81: - | FB81: - | FC81: - | FD81: - | FE81: - | FF81: - | FG81: - | FH81: - | FI81: - | FJ81: - | FK81: - | FL81: - | FM81: - | FN81: - | FO81: - | FP81: - | FQ81: - | FR81: - | FS81: - | FT81: - | FU81: - | FV81: - | FW81: - | FX81: - | FY81: - | FZ81: - | GA81: - | GB81: - | GC81: - | GD81: - | GE81: - | GF81: - | GG81: 16863422 | GH81: 109260 | GI81: - | GJ81: - | GK81: - | GL81: 1455 | GM81: 2922884 | GN81: - | GO81: 3033599 | GP81: 19897021 | GQ81: 8269183 | GR81: - | GS81: - | GT81: 8269183 | GU81: - | GV81: - | GW81: - | GX81: - | GY81: - | GZ81: 11627838 | HA81: 19897021
B82: 77 | C82: Benang | D82: - | E82: - | F82: - | G82: - | H82: - | I82: - | J82: - | K82: - | L82: - | M82: - | N82: - | O82: - | P82: - | Q82: - | R82: - | S82: - | T82: - | U82: - | V82: - | W82: - | X82: - | Y82: - | Z82: - | AA82: - | AB82: - | AC82: - | AD82: - | AE82: - | AF82: - | AG82: 49 | AH82: - | AI82: - | AJ82: 246 | AK82: 103 | AL82: 64 | AM82: 56 | AN82: - | AO82: - | AP82: - | AQ82: - | AR82: - | AS82: - | AT82: - | AU82: - | AV82: - | AW82: - | AX82: - | AY82: - | AZ82: - | BA82: - | BB82: - | BC82: - | BD82: - | BE82: - | BF82: - | BG82: - | BH82: - | BI82: - | BJ82: - | BK82: - | BL82: - | BM82: - | BN82: - | BO82: - | BP82: - | BQ82: - | BR82: - | BS82: - | BT82: - | BU82: - | BV82: - | BW82: - | BX82: - | BY82: - | BZ82: - | CA82: - | CB82: 11448842 | CC82: 37816443 | CD82: 7221447 | CE82: 9433114 | CF82: 11739214 | CG82: 8165266 | CH82: 1391 | CI82: 122521 | CJ82: 112593 | CK82: - | CL82: - | CM82: - | CN82: - | CO82: - | CP82: 149 | CQ82: 769 | CR82: 211 | CS82: 4527 | CT82: - | CU82: - | CV82: - | CW82: - | CX82: - | CY82: - | CZ82: - | DA82: - | DB82: - | DC82: - | DD82: - | DE82: - | DF82: 2830 | DG82: 4 | DH82: 74 | DI82: 4802 | DJ82: 4 | DK82: 1174 | DL82: 371 | DM82: 24787 | DN82: - | DO82: - | DP82: - | DQ82: - | DR82: - | DS82: 12185 | DT82: 3521 | DU82: 793 | DV82: - | DW82: - | DX82: - | DY82: - | DZ82: - | EA82: 116 | EB82: 93 | EC82: 12 | ED82: 139 | EE82: 880 | EF82: - | EG82: 297 | EH82: 2435 | EI82: 7674 | EJ82: 583477 | EK82: 2538 | EL82: 33941 | EM82: 35123 | EN82: - | EO82: 175 | EP82: - | EQ82: - | ER82: - | ES82: - | ET82: - | EU82: - | EV82: 45101 | EW82: 2 | EX82: 154 | EY82: 76 | EZ82: 1 | FA82: - | FB82: - | FC82: - | FD82: - | FE82: - | FF82: - | FG82: - | FH82: - | FI82: - | FJ82: - | FK82: - | FL82: - | FM82: 101 | FN82: - | FO82: - | FP82: - | FQ82: - | FR82: - | FS82: - | FT82: - | FU82: - | FV82: - | FW82: - | FX82: 5 | FY82: 3 | FZ82: 101 | GA82: - | GB82: 64694 | GC82: 984 | GD82: - | GE82: 84039 | GF82: - | GG82: 86979711 | GH82: 449151 | GI82: - | GJ82: - | GK82: - | GL82: 388357 | GM82: 18070048 | GN82: - | GO82: 18907556 | GP82: 105887267 | GQ82: 3552689 | GR82: - | GS82: - | GT82: 3552689 | GU82: - | GV82: - | GW82: - | GX82: - | GY82: - | GZ82: 102334578 | HA82: 105887267
B83: 78 | C83: Tekstil | D83: - | E83: - | F83: - | G83: - | H83: - | I83: - | J83: - | K83: - | L83: - | M83: - | N83: - | O83: - | P83: - | Q83: - | R83: - | S83: - | T83: - | U83: - | V83: - | W83: - | X83: - | Y83: - | Z83: - | AA83: - | AB83: - | AC83: - | AD83: - | AE83: - | AF83: - | AG83: 607 | AH83: 22831 | AI83: 6526 | AJ83: 211 | AK83: 97 | AL83: 70 | AM83: 48 | AN83: - | AO83: - | AP83: - | AQ83: - | AR83: - | AS83: - | AT83: - | AU83: - | AV83: - | AW83: - | AX83: - | AY83: - | AZ83: - | BA83: - | BB83: - | BC83: - | BD83: - | BE83: 5 | BF83: - | BG83: - | BH83: - | BI83: 1144 | BJ83: - | BK83: 6538 | BL83: - | BM83: - | BN83: - | BO83: - | BP83: - | BQ83: - | BR83: - | BS83: - | BT83: - | BU83: - | BV83: 38226 | BW83: - | BX83: 322 | BY83: - | BZ83: - | CA83: - | CB83: 1697839 | CC83: 24938080 | CD83: 1650077 | CE83: 2603109 | CF83: 6299572 | CG83: 86052379 | CH83: 25521 | CI83: 355075 | CJ83: 666302 | CK83: 30638 | CL83: 122071 | CM83: 64586 | CN83: 34464 | CO83: 24530 | CP83: 10800 | CQ83: 22663 | CR83: 237088 | CS83: 823 | CT83: - | CU83: - | CV83: - | CW83: - | CX83: - | CY83: - | CZ83: - | DA83: - | DB83: - | DC83: - | DD83: - | DE83: - | DF83: 119 | DG83: 878 | DH83: 4881 | DI83: 20690 | DJ83: 2030 | DK83: 13 | DL83: 94 | DM83: 117 | DN83: - | DO83: 118 | DP83: 17 | DQ83: - | DR83: 2820 | DS83: 17242 | DT83: 396 | DU83: - | DV83: - | DW83: - | DX83: - | DY83: 80 | DZ83: 44 | EA83: 17329 | EB83: - | EC83: - | ED83: - | EE83: 3892 | EF83: - | EG83: - | EH83: 25872 | EI83: 5865 | EJ83: 1306922 | EK83: 143800 | EL83: 119804 | EM83: 136733 | EN83: 16700 | EO83: 323 | EP83: 82853 | EQ83: 41008 | ER83: 3365 | ES83: - | ET83: 18417 | EU83: 66596 | EV83: 37 | EW83: 14 | EX83: - | EY83: - | EZ83: - | FA83: - | FB83: - | FC83: - | FD83: - | FE83: - | FF83: - | FG83: - | FH83: 1919601 | FI83: 1402639 | FJ83: 3859 | FK83: 63699 | FL83: 12689 | FM83: 2742 | FN83: 34 | FO83: - | FP83: - | FQ83: 215519 | FR83: 139 | FS83: - | FT83: 28203 | FU83: 27888 | FV83: 2342 | FW83: 6619 | FX83: 12923 | FY83: 5272 | FZ83: 25669 | GA83: 68 | GB83: 25979 | GC83: 17628 | GD83: 21466 | GE83: 160655 | GF83: 174770 | GG83: 131081714 | GH83: 6800112 | GI83: - | GJ83: - | GK83: - | GL83: 5445015 | GM83: 8073539 | GN83: - | GO83: 20318666 | GP83: 151400380 | GQ83: 28541812 | GR83: - | GS83: - | GT83: 28541812 | GU83: - | GV83: - | GW83: - | GX83: - | GY83: - | GZ83: 122858568 | HA83: 151400380
B84: 79 | C84: Permadani,Tali dan Penutup Lantai Lainnya | D84: - | E84: - | F84: - | G84: - | H84: - | I84: - | J84: - | K84: - | L84: - | M84: - | N84: 471 | O84: 242 | P84: 372 | Q84: 75 | R84: 334 | S84: - | T84: 86 | U84: 2983 | V84: 126 | W84: 190 | X84: 7 | Y84: 209 | Z84: 79 | AA84: 107 | AB84: 258 | AC84: 215 | AD84: 130 | AE84: 9 | AF84: 41 | AG84: 22485 | AH84: 8139 | AI84: 1569 | AJ84: 12982 | AK84: 126 | AL84: 67 | AM84: 1364 | AN84: 91 | AO84: 3 | AP84: 7 | AQ84: 11 | AR84: 328 | AS84: 10 | AT84: 59 | AU84: 153 | AV84: 88 | AW84: 1225 | AX84: 129 | AY84: 11135 | AZ84: 62 | BA84: 142 | BB84: - | BC84: - | BD84: 2335 | BE84: 125 | BF84: 1547 | BG84: 5411 | BH84: 5182 | BI84: 5265 | BJ84: 2316 | BK84: 28868 | BL84: 1698 | BM84: 109 | BN84: 22 | BO84: 76 | BP84: 3637 | BQ84: - | BR84: - | BS84: - | BT84: - | BU84: 20706 | BV84: 1610 | BW84: 7132 | BX84: 405 | BY84: 1272 | BZ84: 14406 | CA84: 263 | CB84: 71353 | CC84: 20469 | CD84: 33757 | CE84: 1448 | CF84: 9954 | CG84: 18977 | CH84: 67 | CI84: 6452 | CJ84: 157556 | CK84: 17746 | CL84: 37450 | CM84: 28033 | CN84: 2722 | CO84: 80 | CP84: 128 | CQ84: 642 | CR84: 1210 | CS84: 6880 | CT84: - | CU84: 63105 | CV84: 15035 | CW84: 39889 | CX84: 7304 | CY84: - | CZ84: - | DA84: - | DB84: - | DC84: 21614 | DD84: - | DE84: 8755 | DF84: 916 | DG84: 3893 | DH84: 2051 | DI84: 48525 | DJ84: 15977 | DK84: 8977 | DL84: 6370 | DM84: 443 | DN84: 2419 | DO84: 4073 | DP84: 27 | DQ84: 5024 | DR84: 750 | DS84: 2364 | DT84: 876 | DU84: 2099 | DV84: 56 | DW84: 73 | DX84: 57 | DY84: 987 | DZ84: 360 | EA84: 1159 | EB84: - | EC84: 6 | ED84: 36356 | EE84: 11925 | EF84: 8407 | EG84: 303 | EH84: 9552 | EI84: 24494 | EJ84: 112259 | EK84: 5413 | EL84: 13226 | EM84: 7921 | EN84: 11505 | EO84: 21843 | EP84: 1106 | EQ84: 3852 | ER84: 1718 | ES84: - | ET84: 2007 | EU84: 727 | EV84: 19074 | EW84: 185 | EX84: 37 | EY84: 708 | EZ84: 5038 | FA84: 62207 | FB84: 34249 | FC84: 1557414 | FD84: - | FE84: 1624 | FF84: 144068 | FG84: 4233 | FH84: 82688 | FI84: 213092 | FJ84: 155609 | FK84: 14374 | FL84: 70250 | FM84: 2327 | FN84: 19 | FO84: - | FP84: - | FQ84: 21533 | FR84: - | FS84: - | FT84: 3446 | FU84: 7787 | FV84: 2724 | FW84: 3467 | FX84: 2193 | FY84: 71 | FZ84: 95 | GA84: 63 | GB84: 6403 | GC84: 28608 | GD84: 2152 | GE84: 15487 | GF84: 47620 | GG84: 3628061 | GH84: 5175895 | GI84: - | GJ84: - | GK84: 15120543 | GL84: -1640461 | GM84: 758819 | GN84: - | GO84: 19414796 | GP84: 23042857 | GQ84: 1108692 | GR84: - | GS84: - | GT84: 1108692 | GU84: - | GV84: - | GW84: - | GX84: - | GY84: - | GZ84: 21934165 | HA84: 23042857
B85: 80 | C85: Produk Tekstil Lainnya | D85: 23963 | E85: 35699 | F85: 211 | G85: 73777 | H85: 905 | I85: 12720 | J85: 660 | K85: 5545 | L85: 9 | M85: 51533 | N85: 5711 | O85: 11646 | P85: 36324 | Q85: 824 | R85: 61681 | S85: 757992 | T85: 8752 | U85: 155343 | V85: 99492 | W85: 141959 | X85: 4727 | Y85: 3177 | Z85: 99308 | AA85: 102014 | AB85: 3923 | AC85: 2026 | AD85: 236 | AE85: 3109 | AF85: 1057 | AG85: 77974 | AH85: 192254 | AI85: 48253 | AJ85: 878700 | AK85: 62723 | AL85: 9199 | AM85: 5142 | AN85: 596 | AO85: - | AP85: 11 | AQ85: 2927 | AR85: 2261 | AS85: 94 | AT85: 54 | AU85: 263 | AV85: 410 | AW85: 82071 | AX85: 992 | AY85: 242397 | AZ85: 84 | BA85: 4 | BB85: 6973 | BC85: 4154 | BD85: 295 | BE85: 2 | BF85: 257 | BG85: 1617 | BH85: 28142 | BI85: 1265 | BJ85: 49 | BK85: 74015 | BL85: 3840 | BM85: 266 | BN85: 14 | BO85: 68689 | BP85: 5574 | BQ85: - | BR85: - | BS85: - | BT85: - | BU85: 130923 | BV85: 11450 | BW85: 504 | BX85: 503 | BY85: 18249 | BZ85: 91 | CA85: 1103 | CB85: 359244 | CC85: 57457 | CD85: 22618 | CE85: 38983 | CF85: 26541 | CG85: 319045 | CH85: 11218 | CI85: 163408 | CJ85: 257369 | CK85: 68296 | CL85: 122951 | CM85: 46532 | CN85: 8836 | CO85: 28638 | CP85: 9415 | CQ85: 13710 | CR85: 716 | CS85: 1357 | CT85: 7295 | CU85: 45671 | CV85: 31128 | CW85: 44248 | CX85: 1329 | CY85: - | CZ85: - | DA85: - | DB85: - | DC85: 4214 | DD85: - | DE85: 5341 | DF85: 292 | DG85: 17205 | DH85: 2199 | DI85: 10194 | DJ85: 47475 | DK85: 1457 | DL85: 14397 | DM85: 23062 | DN85: 1665 | DO85: 4855 | DP85: 55598 | DQ85: 2439 | DR85: 2518 | DS85: 2524 | DT85: 428 | DU85: 2891 | DV85: 100 | DW85: 22465 | DX85: 1383 | DY85: 646 | DZ85: 116 | EA85: 3053 | EB85: 11 | EC85: 32 | ED85: 103050 | EE85: 654 | EF85: 4817 | EG85: 329 | EH85: 6938 | EI85: 29784 | EJ85: 2281 | EK85: 1103 | EL85: 753 | EM85: 84375 | EN85: 25266 | EO85: 4722 | EP85: 65900 | EQ85: 37694 | ER85: 851 | ES85: 538 | ET85: 547 | EU85: 48298 | EV85: 816560 | EW85: 13679 | EX85: 2487 | EY85: 104428 | EZ85: 731384 | FA85: 22984 | FB85: 11176 | FC85: 636803 | FD85: 107 | FE85: 1233 | FF85: 634 | FG85: 456 | FH85: 468 | FI85: 6735 | FJ85: 92169 | FK85: 62904 | FL85: 90083 | FM85: 5946 | FN85: 128271 | FO85: 12564 | FP85: 557 | FQ85: 83263 | FR85: 48674 | FS85: - | FT85: 2012 | FU85: 210377 | FV85: 209883 | FW85: 425714 | FX85: 1037 | FY85: - | FZ85: 509043 | GA85: - | GB85: 83927 | GC85: 916792 | GD85: 113389 | GE85: 875 | GF85: 1246029 | GG85: 12591815 | GH85: 17508381 | GI85: - | GJ85: - | GK85: 7763319 | GL85: -33315 | GM85: 11760453 | GN85: - | GO85: 36998838 | GP85: 49590653 | GQ85: 20797231 | GR85: - | GS85: - | GT85: 20797231 | GU85: - | GV85: - | GW85: - | GX85: - | GY85: - | GZ85: 28793422 | HA85: 49590653
B86: 81 | C86: Barang-barang Rajutan dan Sulaman/Bordiran | D86: - | E86: - | F86: - | G86: - | H86: - | I86: - | J86: - | K86: - | L86: - | M86: - | N86: 374 | O86: 100 | P86: 182 | Q86: - | R86: 335 | S86: - | T86: 147 | U86: - | V86: - | W86: - | X86: - | Y86: - | Z86: - | AA86: - | AB86: - | AC86: 99 | AD86: 1 | AE86: 39 | AF86: 28 | AG86: 1782 | AH86: 30624 | AI86: 9061 | AJ86: 168 | AK86: 86 | AL86: 61 | AM86: 44 | AN86: 13700 | AO86: 8465 | AP86: 3153 | AQ86: 375 | AR86: 1372 | AS86: 73 | AT86: 372 | AU86: 79 | AV86: 61 | AW86: 290 | AX86: 84 | AY86: 1811 | AZ86: 129 | BA86: 4 | BB86: 100 | BC86: 53 | BD86: 2823 | BE86: 196 | BF86: 45 | BG86: 138 | BH86: 886 | BI86: 7038 | BJ86: 148 | BK86: 1231 | BL86: 249 | BM86: 74 | BN86: 29 | BO86: 123 | BP86: - | BQ86: 109 | BR86: 1579 | BS86: 1399 | BT86: 801 | BU86: 3219 | BV86: 3782 | BW86: 2632 | BX86: 280 | BY86: 455 | BZ86: 2864 | CA86: 65 | CB86: 301353 | CC86: 322 | CD86: 128557 | CE86: 1703803 | CF86: 66357 | CG86: 43754515 | CH86: 7745 | CI86: 155338 | CJ86: 1200474 | CK86: 410 | CL86: 313 | CM86: 5335 | CN86: 7530 | CO86: 6637 | CP86: 8988 | CQ86: 40873 | CR86: 1862 | CS86: 138 | CT86: 2300 | CU86: - | CV86: - | CW86: 379 | CX86: - | CY86: 140 | CZ86: 31 | DA86: 197 | DB86: 695 | DC86: 122 | DD86: 315 | DE86: 317 | DF86: 443 | DG86: 420 | DH86: 886 | DI86: 5331 | DJ86: 143 | DK86: 1599 | DL86: 1042 | DM86: 149 | DN86: 107 | DO86: - | DP86: 216 | DQ86: 116 | DR86: 3251 | DS86: 14231 | DT86: 6245 | DU86: 5966 | DV86: 134 | DW86: 75 | DX86: 62 | DY86: 327 | DZ86: 181 | EA86: 69 | EB86: 14 | EC86: 17 | ED86: 24 | EE86: 5618 | EF86: 30 | EG86: 332 | EH86: 186 | EI86: 237 | EJ86: 1074546 | EK86: 3133 | EL86: 410 | EM86: 212070 | EN86: 536 | EO86: 347 | EP86: 297 | EQ86: 112 | ER86: 395 | ES86: 224 | ET86: 218 | EU86: 24537 | EV86: - | EW86: 13 | EX86: - | EY86: - | EZ86: - | FA86: 918 | FB86: 3198 | FC86: 17489 | FD86: 238 | FE86: 243 | FF86: 261 | FG86: 215 | FH86: - | FI86: 108444 | FJ86: 1005 | FK86: 2 | FL86: - | FM86: 429 | FN86: 182 | FO86: 68 | FP86: 79 | FQ86: 110527 | FR86: 180 | FS86: 16 | FT86: 15540 | FU86: 5270 | FV86: 7704 | FW86: 21448 | FX86: 1024 | FY86: 35 | FZ86: 572163 | GA86: 39 | GB86: 5919 | GC86: 1035 | GD86: 8296 | GE86: - | GF86: 1278961 | GG86: 51023680 | GH86: 3789932 | GI86: - | GJ86: - | GK86: - | GL86: 85978 | GM86: 1575025 | GN86: - | GO86: 5450935 | GP86: 56474615 | GQ86: 21890641 | GR86: - | GS86: - | GT86: 21890641 | GU86: - | GV86: - | GW86: - | GX86: - | GY86: - | GZ86: 34583974 | HA86: 56474615
B87: 82 | C87: Pakaian Jadi | D87: - | E87: - | F87: - | G87: - | H87: - | I87: - | J87: - | K87: - | L87: - | M87: - | N87: - | O87: - | P87: 14402 | Q87: - | R87: - | S87: - | T87: - | U87: 15255 | V87: 12 | W87: 352 | X87: 9 | Y87: - | Z87: - | AA87: - | AB87: - | AC87: - | AD87: - | AE87: - | AF87: - | AG87: 152335 | AH87: 36967 | AI87: 4779 | AJ87: - | AK87: - | AL87: - | AM87: - | AN87: 99058 | AO87: 14085 | AP87: 8548 | AQ87: - | AR87: 631 | AS87: 12 | AT87: 541 | AU87: 67 | AV87: 1954 | AW87: 63168 | AX87: 149 | AY87: 3658 | AZ87: 9 | BA87: 35 | BB87: 6219 | BC87: 3276 | BD87: 6651 | BE87: 4 | BF87: - | BG87: 136 | BH87: - | BI87: - | BJ87: - | BK87: - | BL87: 60 | BM87: - | BN87: 38 | BO87: - | BP87: 808 | BQ87: - | BR87: 38 | BS87: - | BT87: - | BU87: - | BV87: - | BW87: 28650 | BX87: - | BY87: 735 | BZ87: - | CA87: - | CB87: 136977 | CC87: 74714 | CD87: 21754 | CE87: 22225 | CF87: 12321 | CG87: 307036 | CH87: 1369 | CI87: 16501 | CJ87: 150125 | CK87: 44100 | CL87: 94344 | CM87: 172450 | CN87: 155277 | CO87: 67132 | CP87: 134091 | CQ87: 114365 | CR87: 75043 | CS87: 3735 | CT87: 1732 | CU87: 914 | CV87: 571 | CW87: 103 | CX87: - | CY87: 277 | CZ87: 20 | DA87: 380 | DB87: 9926 | DC87: 429 | DD87: 18334 | DE87: 148 | DF87: 2527 | DG87: 3036 | DH87: 741 | DI87: 5342 | DJ87: 2307 | DK87: 1364 | DL87: 1963 | DM87: 30493 | DN87: 9802 | DO87: 1144 | DP87: 22797 | DQ87: 2205 | DR87: 11506 | DS87: 43476 | DT87: 275054 | DU87: 12451 | DV87: - | DW87: 100105 | DX87: 64318 | DY87: 58728 | DZ87: - | EA87: 91802 | EB87: 8889 | EC87: 78668 | ED87: 145794 | EE87: 3095 | EF87: 8528 | EG87: 2852 | EH87: 377 | EI87: - | EJ87: 29959 | EK87: 4858 | EL87: 788 | EM87: 36480 | EN87: 5091 | EO87: 24046 | EP87: 11604 | EQ87: 5924 | ER87: 1797 | ES87: 13225 | ET87: 659 | EU87: 606577 | EV87: 2323023 | EW87: 4466 | EX87: 3962 | EY87: 9886 | EZ87: 12142 | FA87: 199884 | FB87: 240219 | FC87: 2496448 | FD87: 614 | FE87: 1821640 | FF87: 237696 | FG87: 2864 | FH87: 759861 | FI87: 162919 | FJ87: 165827 | FK87: 13064 | FL87: 2922 | FM87: 29211 | FN87: 499082 | FO87: 182976 | FP87: 79570 | FQ87: 47685 | FR87: 34265 | FS87: 436 | FT87: 2297 | FU87: 12645 | FV87: 328098 | FW87: 32276 | FX87: 738297 | FY87: 813188 | FZ87: 1579008 | GA87: 114380 | GB87: 1502230 | GC87: 500776 | GD87: 85557 | GE87: 6584 | GF87: 1173323 | GG87: 20048727 | GH87: 141371160 | GI87: - | GJ87: - | GK87: - | GL87: -492054 | GM87: 96546195 | GN87: 2200495 | GO87: 239625796 | GP87: 259674523 | GQ87: 10109391 | GR87: 747601 | GS87: - | GT87: 10856992 | GU87: - | GV87: - | GW87: - | GX87: - | GY87: - | GZ87: 248817531 | HA87: 259674523
B88: 83 | C88: Hasil Pengawetan dan Penyamakan Kulit | D88: - | E88: - | F88: - | G88: - | H88: - | I88: - | J88: - | K88: - | L88: - | M88: - | N88: - | O88: - | P88: - | Q88: - | R88: - | S88: - | T88: - | U88: - | V88: - | W88: - | X88: - | Y88: - | Z88: - | AA88: - | AB88: - | AC88: - | AD88: - | AE88: - | AF88: - | AG88: - | AH88: - | AI88: - | AJ88: - | AK88: - | AL88: - | AM88: - | AN88: - | AO88: - | AP88: - | AQ88: - | AR88: - | AS88: - | AT88: - | AU88: - | AV88: - | AW88: - | AX88: - | AY88: - | AZ88: - | BA88: - | BB88: - | BC88: - | BD88: - | BE88: - | BF88: - | BG88: - | BH88: - | BI88: - | BJ88: - | BK88: - | BL88: - | BM88: - | BN88: - | BO88: - | BP88: - | BQ88: - | BR88: - | BS88: - | BT88: - | BU88: - | BV88: - | BW88: - | BX88: - | BY88: - | BZ88: - | CA88: - | CB88: 156518 | CC88: 63 | CD88: 8022 | CE88: 8839 | CF88: 4902 | CG88: 211662 | CH88: 1575148 | CI88: 2216017 | CJ88: 17907018 | CK88: 603 | CL88: - | CM88: 177 | CN88: 7074 | CO88: - | CP88: - | CQ88: 365 | CR88: - | CS88: - | CT88: - | CU88: - | CV88: - | CW88: - | CX88: - | CY88: - | CZ88: - | DA88: - | DB88: - | DC88: - | DD88: - | DE88: - | DF88: - | DG88: - | DH88: - | DI88: - | DJ88: - | DK88: - | DL88: - | DM88: - | DN88: - | DO88: - | DP88: - | DQ88: 1784 | DR88: 8915 | DS88: 22857 | DT88: 10469 | DU88: - | DV88: - | DW88: - | DX88: - | DY88: 2506 | DZ88: 8444 | EA88: - | EB88: - | EC88: - | ED88: 13469 | EE88: - | EF88: - | EG88: - | EH88: 2747 | EI88: 10599 | EJ88: 1525684 | EK88: 2853 | EL88: 12116 | EM88: 19736 | EN88: 294 | EO88: - | EP88: 706 | EQ88: 1838 | ER88: - | ES88: - | ET88: - | EU88: - | EV88: - | EW88: - | EX88: - | EY88: - | EZ88: - | FA88: - | FB88: - | FC88: - | FD88: - | FE88: - | FF88: - | FG88: - | FH88: - | FI88: - | FJ88: - | FK88: - | FL88: - | FM88: - | FN88: - | FO88: - | FP88: - | FQ88: - | FR88: - | FS88: - | FT88: - | FU88: - | FV88: - | FW88: - | FX88: 348279 | FY88: - | FZ88: - | GA88: 4538 | GB88: 3479 | GC88: - | GD88: - | GE88: 20657 | GF88: - | GG88: 24118378 | GH88: - | GI88: - | GJ88: - | GK88: - | GL88: 339282 | GM88: 670101 | GN88: - | GO88: 1009383 | GP88: 25127761 | GQ88: 5368904 | GR88: - | GS88: - | GT88: 5368904 | GU88: - | GV88: - | GW88: - | GX88: - | GY88: - | GZ88: 19758857 | HA88: 25127761
B89: 84 | C89: Barang-barang dari Kulit | D89: - | E89: - | F89: - | G89: - | H89: - | I89: - | J89: - | K89: - | L89: - | M89: - | N89: - | O89: - | P89: - | Q89: - | R89: - | S89: - | T89: - | U89: - | V89: - | W89: - | X89: - | Y89: - | Z89: - | AA89: - | AB89: - | AC89: - | AD89: - | AE89: - | AF89: - | AG89: - | AH89: - | AI89: - | AJ89: - | AK89: - | AL89: - | AM89: - | AN89: - | AO89: - | AP89: - | AQ89: - | AR89: - | AS89: - | AT89: - | AU89: - | AV89: - | AW89: - | AX89: - | AY89: - | AZ89: - | BA89: - | BB89: - | BC89: - | BD89: - | BE89: - | BF89: - | BG89: - | BH89: - | BI89: - | BJ89: - | BK89: - | BL89: - | BM89: - | BN89: - | BO89: - | BP89: - | BQ89: - | BR89: - | BS89: - | BT89: - | BU89: - | BV89: - | BW89: - | BX89: - | BY89: - | BZ89: - | CA89: - | CB89: - | CC89: 41 | CD89: 2393 | CE89: 12438 | CF89: 3743 | CG89: 212756 | CH89: 7741 | CI89: 285255 | CJ89: 1175487 | CK89: 1432 | CL89: - | CM89: 25339 | CN89: 940 | CO89: - | CP89: 175 | CQ89: 775 | CR89: 1189 | CS89: - | CT89: - | CU89: - | CV89: - | CW89: 30 | CX89: - | CY89: - | CZ89: - | DA89: - | DB89: - | DC89: 101 | DD89: - | DE89: 5 | DF89: - | DG89: - | DH89: - | DI89: - | DJ89: - | DK89: - | DL89: - | DM89: - | DN89: - | DO89: - | DP89: - | DQ89: - | DR89: - | DS89: 8580 | DT89: 491 | DU89: - | DV89: - | DW89: - | DX89: - | DY89: - | DZ89: - | EA89: 4973 | EB89: - | EC89: - | ED89: 189907 | EE89: 676 | EF89: - | EG89: - | EH89: 19676 | EI89: 105928 | EJ89: 15103 | EK89: 33592 | EL89: 60781 | EM89: 16879 | EN89: 132 | EO89: - | EP89: 415 | EQ89: 17735 | ER89: - | ES89: - | ET89: - | EU89: 70 | EV89: 247 | EW89: 1138 | EX89: 31 | EY89: 8049 | EZ89: 649 | FA89: - | FB89: - | FC89: - | FD89: - | FE89: - | FF89: - | FG89: - | FH89: - | FI89: 736 | FJ89: 12 | FK89: - | FL89: - | FM89: 52 | FN89: 683 | FO89: - | FP89: - | FQ89: 359893 | FR89: - | FS89: - | FT89: 288 | FU89: 749 | FV89: 923870 | FW89: 26942 | FX89: 222377 | FY89: 187553 | FZ89: 505927 | GA89: 2077 | GB89: 13640 | GC89: 199 | GD89: 54251 | GE89: 127848 | GF89: 5260 | GG89: 4647249 | GH89: 6130008 | GI89: - | GJ89: - | GK89: 256861 | GL89: 3633431 | GM89: 6566551 | GN89: 117824 | GO89: 16704675 | GP89: 21351924 | GQ89: 4320502 | GR89: 82321 | GS89: - | GT89: 4402823 | GU89: - | GV89: - | GW89: - | GX89: - | GY89: - | GZ89: 16949101 | HA89: 21351924
